country_id,iso3,country,region,origin,horizon,target_month,p_ge1,p_ge25,p_ge100,climatology_p_ge1,climatology_p_ge25,climatology_p_ge100,fatalities_q05,fatalities_q25,fatalities_q50,fatalities_q75,fatalities_q95,mean_log1p,fatalities_origin_month,fatalities_last_12_months
2,USA,United States of America,Americas,2026-08,1,2026-09,0.336142,0.00907942,0.000986896,0.0607064,0.00331126,0.00331126,0.0,0.0,0.0,1.27395,7.92558,0.493191,2,9
20,CAN,Canada,Americas,2026-08,1,2026-09,0.0929651,0.00378189,0.000560837,0.0496689,0.00110375,0.00110375,0.0,0.0,0.0,0.0,2.3798,0.134982,0,3
41,HTI,Haiti,Americas,2026-08,1,2026-09,0.96582,0.767103,0.277078,0.195364,0.111479,0.0408389,3.25273,26.3596,52.0876,100.0,339.246,3.86381,47,945
42,DOM,Dominican Republic,Americas,2026-08,1,2026-09,0.321529,0.00834172,0.000843431,0.0121413,0.00110375,0.00110375,0.0,0.0,0.0,1.0284,7.88113,0.469687,0,11
51,JAM,Jamaica,Americas,2026-08,1,2026-09,0.180813,0.00801513,0.00115622,0.0452539,0.00551876,0.00110375,0.0,0.0,0.0,0.0,6.27064,0.277396,0,9
52,TTO,Trinidad and Tobago,Americas,2026-08,1,2026-09,0.0598719,0.00248742,0.000399161,0.00551876,0.00331126,0.00110375,0.0,0.0,0.0,0.0,1.0,0.0853715,0,1
70,MEX,Mexico,Americas,2026-08,1,2026-09,0.979333,0.938416,0.71069,0.64128,0.50883,0.374172,24.0,88.3671,218.644,387.676,1051.38,5.19955,214,3253
80,BLZ,Belize,Americas,2026-08,1,2026-09,0.179614,0.00972689,0.00136582,0.00993377,0.00110375,0.00110375,0.0,0.0,0.0,0.0,6.47378,0.283813,0,15
90,GTM,Guatemala,Americas,2026-08,1,2026-09,0.855848,0.0840974,0.00651513,0.325607,0.0231788,0.0143488,0.0,1.56419,4.5822,9.87242,33.495,1.69065,5,50
91,HND,Honduras,Americas,2026-08,1,2026-09,0.206818,0.0140329,0.00200253,0.190949,0.00772627,0.00110375,0.0,0.0,0.0,0.0,7.65765,0.339554,0,28
92,SLV,El Salvador,Americas,2026-08,1,2026-09,0.0176505,0.00262666,0.000688641,0.118102,0.0386313,0.00993377,0.0,0.0,0.0,0.0,0.0,0.0330954,0,0
93,NIC,Nicaragua,Americas,2026-08,1,2026-09,0.0118745,0.00321283,0.00103878,0.0275938,0.0165563,0.00551876,0.0,0.0,0.0,0.0,0.0,0.0283485,0,0
94,CRI,Costa Rica,Americas,2026-08,1,2026-09,0.152721,0.0207561,0.00400166,0.0673289,0.00110375,0.00110375,0.0,0.0,0.0,0.0,7.47273,0.292785,0,47
95,PAN,Panama,Americas,2026-08,1,2026-09,0.0118745,0.00321283,0.00103878,0.00772627,0.00551876,0.00331126,0.0,0.0,0.0,0.0,0.0,0.0283485,0,0
100,COL,Colombia,Americas,2026-08,1,2026-09,0.978511,0.910455,0.611449,0.976821,0.66777,0.279249,11.7403,58.4004,137.329,266.466,794.178,4.80496,259,1637
101,VEN,Venezuela,Americas,2026-08,1,2026-09,0.784726,0.113096,0.0135125,0.727373,0.0165563,0.00331126,0.0,1.26278,4.22478,10.3318,46.9952,1.66146,8,119
110,GUY,Guyana,Americas,2026-08,1,2026-09,0.0118745,0.00321283,0.00103878,0.00772627,0.00110375,0.00110375,0.0,0.0,0.0,0.0,0.0,0.0283485,0,0
130,ECU,Ecuador,Americas,2026-08,1,2026-09,0.737904,0.128389,0.015143,0.144592,0.084989,0.00551876,0.0,0.0,3.50052,11.2167,50.8476,1.591,0,433
135,PER,Peru,Americas,2026-08,1,2026-09,0.168356,0.00652162,0.000948454,0.424945,0.131347,0.0518764,0.0,0.0,0.0,0.0,5.05731,0.248469,0,8
140,BRA,Brazil,Americas,2026-08,1,2026-09,0.955402,0.547959,0.100714,0.559603,0.259382,0.133554,1.57546,9.16236,28.5012,55.9992,105.209,3.12881,24,371
145,BOL,Bolivia,Americas,2026-08,1,2026-09,0.0204409,0.00243697,0.000590977,0.0165563,0.00331126,0.00110375,0.0,0.0,0.0,0.0,0.0,0.0357918,0,0
150,PRY,Paraguay,Americas,2026-08,1,2026-09,0.0169011,0.00268539,0.000720429,0.0121413,0.00331126,0.00331126,0.0,0.0,0.0,0.0,0.0,0.0323991,0,0
155,CHL,Chile,Americas,2026-08,1,2026-09,0.210289,0.00395659,0.000440931,0.00331126,0.00110375,0.00110375,0.0,0.0,0.0,0.0,5.26599,0.285606,2,2
160,ARG,Argentina,Americas,2026-08,1,2026-09,0.199701,0.0153421,0.00229273,0.0739514,0.00331126,0.00110375,0.0,0.0,0.0,0.0,8.17475,0.343186,0,21
200,GBR,United Kingdom,Europe,2026-08,1,2026-09,0.0140966,0.00249594,0.000619561,0.186534,0.00551876,0.00110375,0.0,0.0,0.0,0.0,0.0,0.0275941,0,0
210,NLD,Netherlands,Europe,2026-08,1,2026-09,0.01164,0.00275065,0.000755429,0.00331126,0.00110375,0.00110375,0.0,0.0,0.0,0.0,0.0,0.0256495,0,0
211,BEL,Belgium,Europe,2026-08,1,2026-09,0.0213908,0.0020177,0.000401444,0.00993377,0.00331126,0.00110375,0.0,0.0,0.0,0.0,0.0,0.0345015,0,0
220,FRA,France,Europe,2026-08,1,2026-09,0.183448,0.00210659,0.000179379,0.0562914,0.00551876,0.00331126,0.0,0.0,0.0,0.0,3.73316,0.226016,1,1
230,ESP,Spain,Europe,2026-08,1,2026-09,0.224944,0.0047437,0.000484037,0.199779,0.00331126,0.00331126,0.0,0.0,0.0,0.0,5.26922,0.306716,3,3
260,DEU,Germany,Europe,2026-08,1,2026-09,0.119419,0.00243199,0.00026476,0.0165563,0.00110375,0.00110375,0.0,0.0,0.0,0.0,2.57855,0.15365,0,2
290,POL,Poland,Europe,2026-08,1,2026-09,0.0187171,0.0021603,0.000461451,0.00331126,0.00110375,0.00110375,0.0,0.0,0.0,0.0,0.0,0.0318558,0,0
305,AUT,Austria,Europe,2026-08,1,2026-09,0.015236,0.00239922,0.000571562,0.00331126,0.00110375,0.00110375,0.0,0.0,0.0,0.0,0.0,0.0285893,0,0
325,ITA,Italy,Europe,2026-08,1,2026-09,0.01164,0.00275065,0.000755429,0.00110375,0.00110375,0.00110375,0.0,0.0,0.0,0.0,0.0,0.0256495,0,0
338,MLT,Malta,Europe,2026-08,1,2026-09,0.01164,0.00275065,0.000755429,0.00110375,0.00110375,0.00110375,0.0,0.0,0.0,0.0,0.0,0.0256495,0,0
339,ALB,Albania,Europe,2026-08,1,2026-09,0.01164,0.00275065,0.000755429,0.00331126,0.00331126,0.00110375,0.0,0.0,0.0,0.0,0.0,0.0256495,0,0
343,MKD,North Macedonia,Europe,2026-08,1,2026-09,0.01164,0.00275065,0.000755429,0.0261194,0.00124378,0.00124378,0.0,0.0,0.0,0.0,0.0,0.0256495,0,0
344,HRV,Croatia,Europe,2026-08,1,2026-09,0.01164,0.00275065,0.000755429,0.058753,0.0155875,0.0107914,0.0,0.0,0.0,0.0,0.0,0.0256495,0,0
345,SRB,Serbia (Yugoslavia),Europe,2026-08,1,2026-09,0.01164,0.00275065,0.000755429,0.0827815,0.0562914,0.0320088,0.0,0.0,0.0,0.0,0.0,0.0256495,0,0
346,BIH,Bosnia-Herzegovina,Europe,2026-08,1,2026-09,0.01164,0.00275065,0.000755429,0.109903,0.105072,0.105072,0.0,0.0,0.0,0.0,0.0,0.0256495,0,0
352,CYP,Cyprus,Europe,2026-08,1,2026-09,0.01164,0.00275065,0.000755429,0.00331126,0.00110375,0.00110375,0.0,0.0,0.0,0.0,0.0,0.0256495,0,0
359,MDA,Moldova,Europe,2026-08,1,2026-09,0.082462,0.00191789,0.00021617,0.0155502,0.0131579,0.00358852,0.0,0.0,0.0,0.0,1.57455,0.106358,0,1
360,ROU,Romania,Europe,2026-08,1,2026-09,0.01164,0.00275065,0.000755429,0.00331126,0.00331126,0.00331126,0.0,0.0,0.0,0.0,0.0,0.0256495,0,0
365,RUS,Russia (Soviet Union),Europe,2026-08,1,2026-09,0.971698,0.784786,0.23031,0.764901,0.449227,0.140177,3.98697,27.2927,48.4805,90.5082,367.699,3.85156,54,547
369,UKR,Ukraine,Europe,2026-08,1,2026-09,0.9932,0.9932,0.9932,0.364833,0.273923,0.166268,626.308,1224.16,1834.89,2979.33,6389.42,7.60797,5648,85085
371,ARM,Armenia,Europe,2026-08,1,2026-09,0.0220136,0.00198825,0.000389582,0.106459,0.00837321,0.00358852,0.0,0.0,0.0,0.0,0.0,0.0351271,0,0
372,GEO,Georgia,Europe,2026-08,1,2026-09,0.0216954,0.00200314,0.000395556,0.0873206,0.0538278,0.0179426,0.0,0.0,0.0,0.0,0.0,0.0348072,0,0
373,AZE,Azerbaijan,Europe,2026-08,1,2026-09,0.0210988,0.00203195,0.00040725,0.438995,0.0801435,0.0490431,0.0,0.0,0.0,0.0,0.0,0.0342091,0,0
380,SWE,Sweden,Europe,2026-08,1,2026-09,0.1543,0.00297675,0.00029471,0.00772627,0.00110375,0.00110375,0.0,0.0,0.0,0.0,3.56965,0.200703,0,3
404,GNB,Guinea-Bissau,Africa,2026-08,1,2026-09,0.0119019,0.00327099,0.00107772,0.0165563,0.0143488,0.00772627,0.0,0.0,0.0,0.0,0.0,0.0286843,0,0
420,GMB,Gambia,Africa,2026-08,1,2026-09,0.0228434,0.0023466,0.000547226,0.00993377,0.00110375,0.00110375,0.0,0.0,0.0,0.0,0.0,0.0384827,0,0
432,MLI,Mali,Africa,2026-08,1,2026-09,0.972202,0.875519,0.513377,0.484547,0.343267,0.190949,6.20417,43.9432,100.0,220.195,706.7,4.51606,96,1939
433,SEN,Senegal,Africa,2026-08,1,2026-09,0.0130729,0.003119,0.000977984,0.272627,0.0518764,0.0121413,0.0,0.0,0.0,0.0,0.0,0.0294832,0,0
434,BEN,Benin,Africa,2026-08,1,2026-09,0.390225,0.0342557,0.00455991,0.0916115,0.00772627,0.00110375,0.0,0.0,0.0,2.69968,17.4114,0.705422,0,45
435,MRT,Mauritania,Africa,2026-08,1,2026-09,0.023965,0.00228959,0.000520448,0.0452539,0.00331126,0.00331126,0.0,0.0,0.0,0.0,0.0,0.0396314,0,0
436,NER,Niger,Africa,2026-08,1,2026-09,0.964141,0.785193,0.332948,0.391832,0.208609,0.0739514,3.38918,30.3456,60.4505,105.868,347.965,3.98685,42,1255
437,CIV,Ivory Coast,Africa,2026-08,1,2026-09,0.277269,0.0126853,0.00187519,0.157837,0.0584989,0.0275938,0.0,0.0,0.0,1.0,8.95827,0.443685,7,7
438,GIN,Guinea,Africa,2026-08,1,2026-09,0.0161543,0.00280096,0.000785253,0.0651214,0.0231788,0.00772627,0.0,0.0,0.0,0.0,0.0,0.0320047,0,0
439,BFA,Burkina Faso,Africa,2026-08,1,2026-09,0.976994,0.920708,0.655587,0.259382,0.213024,0.155629,13.136,67.4099,169.608,327.663,888.89,4.96046,171,2740
450,LBR,Liberia,Africa,2026-08,1,2026-09,0.0252719,0.00222797,0.000492272,0.250552,0.131347,0.0783664,0.0,0.0,0.0,0.0,0.0,0.0409913,0,0
451,SLE,Sierra Leone,Africa,2026-08,1,2026-09,0.0161543,0.00280096,0.000785253,0.266004,0.197572,0.126932,0.0,0.0,0.0,0.0,0.0,0.0320047,0,0
452,GHA,Ghana,Africa,2026-08,1,2026-09,0.849772,0.0976579,0.00802912,0.093819,0.0209713,0.00551876,0.0,1.58581,4.62928,9.96414,38.9063,1.71454,3,77
461,TGO,Togo,Africa,2026-08,1,2026-09,0.115706,0.00962898,0.0013208,0.080574,0.0187638,0.00331126,0.0,0.0,0.0,0.0,4.68443,0.197732,0,2
471,CMR,Cameroon,Africa,2026-08,1,2026-09,0.957789,0.611807,0.147087,0.36755,0.288079,0.0452539,1.7692,12.5033,33.568,66.6201,147.36,3.33377,32,470
475,NGA,Nigeria,Africa,2026-08,1,2026-09,0.986736,0.981501,0.924187,0.769316,0.586093,0.462472,69.6201,275.201,455.136,739.478,1586.73,6.04775,1015,7777
482,CAF,Central African Republic,Africa,2026-08,1,2026-09,0.941323,0.385033,0.0532692,0.530905,0.292494,0.089404,0.0,4.74792,14.5449,39.7943,100.0,2.69718,11,287
483,TCD,Chad,Africa,2026-08,1,2026-09,0.927468,0.360329,0.0504359,0.413907,0.182119,0.0717439,0.0,4.6744,14.3461,36.7988,100.0,2.61355,16,237
484,COG,Congo,Africa,2026-08,1,2026-09,0.018021,0.00264915,0.000700852,0.137969,0.0430464,0.0209713,0.0,0.0,0.0,0.0,0.0,0.0337239,0,0
490,COD,DR Congo (Zaire),Africa,2026-08,1,2026-09,0.978206,0.940082,0.729582,0.873068,0.722958,0.528698,24.0,99.0,232.955,427.005,1034.84,5.22369,172,3918
500,UGA,Uganda,Africa,2026-08,1,2026-09,0.348705,0.011807,0.00134841,0.45585,0.288079,0.126932,0.0,0.0,0.0,1.37648,8.32802,0.529363,2,12
501,KEN,Kenya,Africa,2026-08,1,2026-09,0.685611,0.07373,0.00809994,0.643488,0.173289,0.0253863,0.0,0.0,2.97183,8.48022,33.491,1.36717,0,69
510,TZA,Tanzania,Africa,2026-08,1,2026-09,0.122099,0.0463104,0.0164875,0.0739514,0.00772627,0.00331126,0.0,0.0,0.0,0.0,16.8885,0.349234,0,1007
516,BDI,Burundi,Africa,2026-08,1,2026-09,0.91808,0.109822,0.00693542,0.720751,0.343267,0.173289,0.0,2.38595,5.74893,12.1111,39.9536,1.90764,4,38
517,RWA,Rwanda,Africa,2026-08,1,2026-09,0.0357335,0.00371155,0.000708657,0.217439,0.115894,0.0739514,0.0,0.0,0.0,0.0,0.0,0.0612244,0,0
520,SOM,Somalia,Africa,2026-08,1,2026-09,0.976166,0.928232,0.696748,0.881898,0.771523,0.471302,15.0461,82.7434,201.206,356.818,967.83,5.09669,147,3762
522,DJI,Djibouti,Africa,2026-08,1,2026-09,0.0973477,0.00754163,0.00139619,0.0695364,0.0143488,0.00331126,0.0,0.0,0.0,0.0,3.13405,0.157572,0,14
530,ETH,Ethiopia,Africa,2026-08,1,2026-09,0.980654,0.955113,0.804857,0.69426,0.480132,0.277042,32.6233,156.328,285.685,483.086,1170.56,5.48928,311,5315
531,ERI,Eritrea,Africa,2026-08,1,2026-09,0.018021,0.00264915,0.000700852,0.0511222,0.0187032,0.0137157,0.0,0.0,0.0,0.0,0.0,0.0337239,0,0
540,AGO,Angola,Africa,2026-08,1,2026-09,0.0460285,0.00517355,0.000884883,0.47351,0.204194,0.133554,0.0,0.0,0.0,0.0,0.0,0.0811817,0,0
541,MOZ,Mozambique,Africa,2026-08,1,2026-09,0.953774,0.557621,0.113937,0.396247,0.241722,0.0739514,1.61149,9.30453,29.1909,57.3318,114.27,3.17049,22,438
551,ZMB,Zambia,Africa,2026-08,1,2026-09,0.186867,0.00250829,0.000256576,0.0430464,0.00110375,0.00110375,0.0,0.0,0.0,0.0,4.08751,0.24047,1,1
552,ZWE,Zimbabwe (Rhodesia),Africa,2026-08,1,2026-09,0.0153636,0.00287341,0.000827262,0.0540839,0.00331126,0.00331126,0.0,0.0,0.0,0.0,0.0,0.0313103,0,0
560,ZAF,South Africa,Africa,2026-08,1,2026-09,0.920753,0.369578,0.0610874,0.312362,0.135762,0.0231788,0.0,5.01159,15.258,37.9791,100.0,2.66808,40,147
565,NAM,Namibia,Africa,2026-08,1,2026-09,0.0119019,0.00327099,0.00107772,0.0148064,0.00341686,0.00113895,0.0,0.0,0.0,0.0,0.0,0.0286843,0,0
570,LSO,Lesotho,Africa,2026-08,1,2026-09,0.0119019,0.00327099,0.00107772,0.00331126,0.00331126,0.00110375,0.0,0.0,0.0,0.0,0.0,0.0286843,0,0
571,BWA,Botswana,Africa,2026-08,1,2026-09,0.0119019,0.00327099,0.00107772,0.00331126,0.00110375,0.00110375,0.0,0.0,0.0,0.0,0.0,0.0286843,0,0
572,SWZ,Kingdom of eSwatini (Swaziland),Africa,2026-08,1,2026-09,0.0310377,0.00256199,0.000514261,0.0253863,0.00331126,0.00110375,0.0,0.0,0.0,0.0,0.0,0.0498661,0,0
580,MDG,Madagascar (Malagasy),Africa,2026-08,1,2026-09,0.0152599,0.00288332,0.000833096,0.0320088,0.00772627,0.00110375,0.0,0.0,0.0,0.0,0.0,0.0312211,0,0
581,COM,Comoros,Africa,2026-08,1,2026-09,0.0119019,0.00327099,0.00107772,0.00772627,0.00772627,0.00110375,0.0,0.0,0.0,0.0,0.0,0.0286843,0,0
600,MAR,Morocco,Africa,2026-08,1,2026-09,0.115655,0.00530785,0.000791503,0.0430464,0.00772627,0.00331126,0.0,0.0,0.0,0.0,3.38421,0.173098,0,3
615,DZA,Algeria,Africa,2026-08,1,2026-09,0.141802,0.0100199,0.00163227,0.747241,0.407285,0.131347,0.0,0.0,0.0,0.0,4.94418,0.230627,0,18
616,TUN,Tunisia,Africa,2026-08,1,2026-09,0.0611031,0.004109,0.000802554,0.162252,0.00772627,0.00110375,0.0,0.0,0.0,0.0,1.0,0.09421,0,5
620,LBY,Libya,Africa,2026-08,1,2026-09,0.64079,0.0452409,0.00506946,0.248344,0.173289,0.109272,0.0,0.0,1.82018,6.75431,19.0201,1.17441,6,31
625,SDN,Sudan,Africa,2026-08,1,2026-09,0.980009,0.980009,0.941777,0.954746,0.784768,0.530905,99.0,480.013,719.796,1169.12,2507.97,6.49625,272,67494
626,SSD,South Sudan,Africa,2026-08,1,2026-09,0.970023,0.7828,0.311875,0.860656,0.653005,0.281421,4.29481,30.034,59.8395,100.0,305.501,3.9376,109,799
630,IRN,Iran,Middle East,2026-08,1,2026-09,0.950018,0.857417,0.563156,0.451435,0.089404,0.0231788,2.07001,51.6628,160.753,343.342,1022.73,4.71376,15,23650
640,TUR,Turkey,Middle East,2026-08,1,2026-09,0.345998,0.0144411,0.00184709,0.879691,0.488962,0.206402,0.0,0.0,0.0,1.57798,9.11894,0.554854,0,16
645,IRQ,Iraq,Middle East,2026-08,1,2026-09,0.918487,0.268273,0.0319391,0.895143,0.696468,0.431567,0.0,3.51929,8.9795,25.0,72.3495,2.35607,2,238
651,EGY,Egypt,Middle East,2026-08,1,2026-09,0.0403402,0.0031883,0.000631985,0.449227,0.153422,0.0298013,0.0,0.0,0.0,0.0,0.0,0.0654845,0,0
652,SYR,Syria,Middle East,2026-08,1,2026-09,0.97177,0.825821,0.366522,0.42053,0.407285,0.363135,4.61384,35.1677,69.1559,115.688,400.214,4.10533,65,674
660,LBN,Lebanon,Middle East,2026-08,1,2026-09,0.961629,0.863414,0.518551,0.511038,0.149007,0.0496689,4.52188,44.4894,100.0,210.22,674.786,4.45611,25,4531
663,JOR,Jordan,Middle East,2026-08,1,2026-09,0.125963,0.00392112,0.000606653,0.0209713,0.00331126,0.00110375,0.0,0.0,0.0,0.0,3.62305,0.178657,0,3
666,ISR,Israel,Middle East,2026-08,1,2026-09,0.97562,0.930998,0.70297,0.771523,0.261589,0.0960265,16.6895,84.6046,202.137,358.465,972.291,5.11726,102,4023
670,SAU,Saudi Arabia,Middle East,2026-08,1,2026-09,0.112627,0.00646142,0.00105984,0.126932,0.0187638,0.00110375,0.0,0.0,0.0,0.0,3.64589,0.177001,0,5
678,YEM,Yemen (North Yemen),Middle East,2026-08,1,2026-09,0.987247,0.971862,0.877085,0.504415,0.451435,0.296909,46.0998,165.27,277.289,489.774,1051.32,5.57492,1380,2492
690,KWT,Kuwait,Middle East,2026-08,1,2026-09,0.271796,0.0110548,0.0014956,0.0253863,0.0143488,0.00772627,0.0,0.0,0.0,1.0,8.5744,0.42298,0,15
692,BHR,Bahrain,Middle East,2026-08,1,2026-09,0.0727606,0.00404512,0.000746182,0.0342163,0.00110375,0.00110375,0.0,0.0,0.0,0.0,1.5297,0.110649,0,3
694,QAT,Qatar,Middle East,2026-08,1,2026-09,0.0512107,0.00534866,0.00131537,0.00331126,0.00110375,0.00110375,0.0,0.0,0.0,0.0,1.0,0.0882667,0,6
696,ARE,United Arab Emirates,Middle East,2026-08,1,2026-09,0.140365,0.00875128,0.0014908,0.0121413,0.00110375,0.00110375,0.0,0.0,0.0,0.0,4.98706,0.226167,0,12
698,OMN,Oman,Middle East,2026-08,1,2026-09,0.216549,0.00771956,0.0011064,0.00772627,0.00110375,0.00110375,0.0,0.0,0.0,0.0,6.31671,0.328531,0,7
700,AFG,Afghanistan,Asia,2026-08,1,2026-09,0.962987,0.716109,0.231697,0.985651,0.886313,0.711921,3.06725,24.0,45.1597,95.5782,234.948,3.66685,56,935
702,TJK,Tajikistan,Asia,2026-08,1,2026-09,0.186766,0.0024954,0.00025388,0.214115,0.09689,0.0322967,0.0,0.0,0.0,0.0,4.07668,0.240033,1,1
703,KGZ,Kyrgyzstan,Asia,2026-08,1,2026-09,0.0187322,0.00258727,0.000667831,0.027512,0.0131579,0.00358852,0.0,0.0,0.0,0.0,0.0,0.0343452,0,0
704,UZB,Uzbekistan,Asia,2026-08,1,2026-09,0.0118963,0.0032591,0.0010697,0.0203349,0.00598086,0.00358852,0.0,0.0,0.0,0.0,0.0,0.0286157,0,0
710,CHN,China,Asia,2026-08,1,2026-09,0.0221682,0.00237374,0.000560197,0.0386313,0.00993377,0.00551876,0.0,0.0,0.0,0.0,0.0,0.0377406,0,0
750,IND,India,Asia,2026-08,1,2026-09,0.947673,0.45487,0.0694412,0.998896,0.939294,0.453642,0.0,6.48648,22.702,45.9066,100.0,2.8749,16,364
760,BTN,Bhutan,Asia,2026-08,1,2026-09,0.0118963,0.0032591,0.0010697,0.00331126,0.00110375,0.00110375,0.0,0.0,0.0,0.0,0.0,0.0286157,0,0
770,PAK,Pakistan,Asia,2026-08,1,2026-09,0.983781,0.966319,0.851675,0.855408,0.541943,0.307947,39.7444,203.459,341.206,602.495,1293.01,5.68695,551,4692
771,BGD,Bangladesh,Asia,2026-08,1,2026-09,0.825237,0.116532,0.0123835,0.519868,0.0253863,0.00551876,0.0,1.76227,5.01341,12.082,45.7221,1.75963,5,80
775,MMR,Myanmar (Burma),Asia,2026-08,1,2026-09,0.973464,0.87687,0.506238,0.934879,0.513245,0.248344,6.17658,43.7338,100.0,226.086,725.545,4.5209,122,1922
780,LKA,Sri Lanka,Asia,2026-08,1,2026-09,0.409876,0.064413,0.0130331,0.50883,0.405077,0.296909,0.0,0.0,0.0,4.0953,31.5326,0.847106,3,135
790,NPL,Nepal,Asia,2026-08,1,2026-09,0.161732,0.00438705,0.000567911,0.316777,0.155629,0.0916115,0.0,0.0,0.0,0.0,4.69998,0.226706,0,4
800,THA,Thailand,Asia,2026-08,1,2026-09,0.860937,0.118674,0.0106322,0.636865,0.126932,0.00331126,0.0,1.74269,4.97079,11.9893,44.7459,1.82066,4,76
811,KHM,Cambodia (Kampuchea),Asia,2026-08,1,2026-09,0.0627971,0.0174603,0.00562852,0.235099,0.104857,0.0452539,0.0,0.0,0.0,0.0,1.52757,0.150225,0,128
812,LAO,Laos,Asia,2026-08,1,2026-09,0.0118963,0.0032591,0.0010697,0.0408389,0.00993377,0.00331126,0.0,0.0,0.0,0.0,0.0,0.0286157,0,0
820,MYS,Malaysia,Asia,2026-08,1,2026-09,0.0127568,0.00314574,0.000995137,0.00551876,0.00331126,0.00110375,0.0,0.0,0.0,0.0,0.0,0.0291934,0,0
840,PHL,Philippines,Asia,2026-08,1,2026-09,0.937898,0.298978,0.0321381,0.963576,0.566225,0.0960265,0.0,3.67631,10.5268,27.4279,71.1141,2.46664,10,171
850,IDN,Indonesia,Asia,2026-08,1,2026-09,0.921966,0.280384,0.0329111,0.592715,0.168874,0.0562914,0.0,3.63653,10.4288,26.1324,71.9795,2.40145,14,156
900,AUS,Australia,Asia,2026-08,1,2026-09,0.0134707,0.00306003,0.000940584,0.00331126,0.00110375,0.00110375,0.0,0.0,0.0,0.0,0.0,0.0297164,0,0
910,PNG,Papua New Guinea,Asia,2026-08,1,2026-09,0.769809,0.0429936,0.00314126,0.206402,0.0320088,0.00110375,0.0,1.0,2.8305,7.21605,18.0624,1.35085,1,34
940,SLB,Solomon Islands,Asia,2026-08,1,2026-09,0.0118963,0.0032591,0.0010697,0.00331126,0.00110375,0.00110375,0.0,0.0,0.0,0.0,0.0,0.0286157,0,0
2,USA,United States of America,Americas,2026-08,3,2026-11,0.312397,0.0109161,0.00189425,0.0607064,0.00331126,0.00331126,0.0,0.0,0.0,1.0,7.94565,0.464114,2,9
20,CAN,Canada,Americas,2026-08,3,2026-11,0.101213,0.00514243,0.00105392,0.0496689,0.00110375,0.00110375,0.0,0.0,0.0,0.0,3.01078,0.155144,0,3
41,HTI,Haiti,Americas,2026-08,3,2026-11,0.956607,0.748268,0.305835,0.195364,0.111479,0.0408389,1.7815,24.0,55.3453,103.039,400.821,3.8707,47,945
42,DOM,Dominican Republic,Americas,2026-08,3,2026-11,0.334314,0.0120693,0.00186546,0.0121413,0.00110375,0.00110375,0.0,0.0,0.0,1.39817,8.62079,0.515709,0,11
51,JAM,Jamaica,Americas,2026-08,3,2026-11,0.196903,0.0108752,0.00215802,0.0452539,0.00551876,0.00110375,0.0,0.0,0.0,0.0,6.82794,0.316437,0,9
52,TTO,Trinidad and Tobago,Americas,2026-08,3,2026-11,0.0660332,0.00329533,0.000704253,0.00551876,0.00331126,0.00110375,0.0,0.0,0.0,0.0,1.12388,0.0986422,0,1
70,MEX,Mexico,Americas,2026-08,3,2026-11,0.969908,0.91588,0.673104,0.64128,0.50883,0.374172,9.32593,71.0932,221.474,407.225,1224.27,5.09541,214,3253
80,BLZ,Belize,Americas,2026-08,3,2026-11,0.194353,0.0138198,0.00276467,0.00993377,0.00110375,0.00110375,0.0,0.0,0.0,0.0,7.42581,0.33192,0,15
90,GTM,Guatemala,Americas,2026-08,3,2026-11,0.838089,0.101378,0.0122392,0.325607,0.0231788,0.0143488,0.0,1.49448,4.66809,10.2808,42.7454,1.7099,5,50
91,HND,Honduras,Americas,2026-08,3,2026-11,0.222462,0.0201142,0.00422936,0.190949,0.00772627,0.00110375,0.0,0.0,0.0,0.0,10.0497,0.400098,0,28
92,SLV,El Salvador,Americas,2026-08,3,2026-11,0.0217216,0.00330376,0.000927056,0.118102,0.0386313,0.00993377,0.0,0.0,0.0,0.0,0.0,0.042151,0,0
93,NIC,Nicaragua,Americas,2026-08,3,2026-11,0.015363,0.00398035,0.00125249,0.0275938,0.0165563,0.00551876,0.0,0.0,0.0,0.0,0.0,0.0364327,0,0
94,CRI,Costa Rica,Americas,2026-08,3,2026-11,0.178123,0.0287739,0.00710418,0.0673289,0.00110375,0.00110375,0.0,0.0,0.0,0.0,10.6578,0.364841,0,47
95,PAN,Panama,Americas,2026-08,3,2026-11,0.015363,0.00398035,0.00125249,0.00772627,0.00551876,0.00331126,0.0,0.0,0.0,0.0,0.0,0.0364327,0,0
100,COL,Colombia,Americas,2026-08,3,2026-11,0.967466,0.874759,0.554796,0.976821,0.66777,0.279249,5.06626,47.1279,108.851,257.49,936.778,4.65038,259,1637
101,VEN,Venezuela,Americas,2026-08,3,2026-11,0.754567,0.123109,0.0215536,0.727373,0.0165563,0.00331126,0.0,1.0,4.11848,10.3667,54.8722,1.6263,8,119
110,GUY,Guyana,Americas,2026-08,3,2026-11,0.015363,0.00398035,0.00125249,0.00772627,0.00110375,0.00110375,0.0,0.0,0.0,0.0,0.0,0.0364327,0,0
130,ECU,Ecuador,Americas,2026-08,3,2026-11,0.764247,0.189263,0.0343642,0.144592,0.084989,0.00551876,0.0,1.0,5.41799,14.9611,70.253,1.86483,0,433
135,PER,Peru,Americas,2026-08,3,2026-11,0.181045,0.00868969,0.00178278,0.424945,0.131347,0.0518764,0.0,0.0,0.0,0.0,6.24508,0.276979,0,8
140,BRA,Brazil,Americas,2026-08,3,2026-11,0.94565,0.549809,0.132717,0.559603,0.259382,0.133554,0.0,7.75368,28.7818,60.7309,149.282,3.15031,24,371
145,BOL,Bolivia,Americas,2026-08,3,2026-11,0.0246926,0.00308246,0.000828881,0.0165563,0.00331126,0.00110375,0.0,0.0,0.0,0.0,0.0,0.0450786,0,0
150,PRY,Paraguay,Americas,2026-08,3,2026-11,0.0209138,0.00337203,0.000958186,0.0121413,0.00331126,0.00331126,0.0,0.0,0.0,0.0,0.0,0.0413788,0,0
155,CHL,Chile,Americas,2026-08,3,2026-11,0.190607,0.00458377,0.000815959,0.00331126,0.00110375,0.00110375,0.0,0.0,0.0,0.0,5.20244,0.258245,2,2
160,ARG,Argentina,Americas,2026-08,3,2026-11,0.226888,0.0217843,0.00428908,0.0739514,0.00331126,0.00110375,0.0,0.0,0.0,0.0,10.3519,0.415534,0,21
200,GBR,United Kingdom,Europe,2026-08,3,2026-11,0.0173871,0.00307215,0.000778282,0.186534,0.00551876,0.00110375,0.0,0.0,0.0,0.0,0.0,0.0347971,0,0
210,NLD,Netherlands,Europe,2026-08,3,2026-11,0.0147067,0.00336107,0.00089984,0.00331126,0.00110375,0.00110375,0.0,0.0,0.0,0.0,0.0,0.0324725,0,0
211,BEL,Belgium,Europe,2026-08,3,2026-11,0.0250338,0.00252341,0.000566492,0.00993377,0.00331126,0.00110375,0.0,0.0,0.0,0.0,0.0,0.0421333,0,0
220,FRA,France,Europe,2026-08,3,2026-11,0.167034,0.00256814,0.000359624,0.0562914,0.00551876,0.00331126,0.0,0.0,0.0,0.0,3.77798,0.205813,1,1
230,ESP,Spain,Europe,2026-08,3,2026-11,0.196581,0.00517712,0.000828891,0.199779,0.00331126,0.00331126,0.0,0.0,0.0,0.0,5.07739,0.264635,3,3
260,DEU,Germany,Europe,2026-08,3,2026-11,0.12238,0.00319706,0.000517241,0.0165563,0.00110375,0.00110375,0.0,0.0,0.0,0.0,3.11007,0.161435,0,2
290,POL,Poland,Europe,2026-08,3,2026-11,0.0222766,0.00268796,0.000627303,0.00331126,0.00110375,0.00110375,0.0,0.0,0.0,0.0,0.0,0.039423,0,0
305,AUT,Austria,Europe,2026-08,3,2026-11,0.0186095,0.00296186,0.000733674,0.00331126,0.00110375,0.00110375,0.0,0.0,0.0,0.0,0.0,0.0359246,0,0
325,ITA,Italy,Europe,2026-08,3,2026-11,0.0147067,0.00336107,0.00089984,0.00110375,0.00110375,0.00110375,0.0,0.0,0.0,0.0,0.0,0.0324725,0,0
338,MLT,Malta,Europe,2026-08,3,2026-11,0.0147067,0.00336107,0.00089984,0.00110375,0.00110375,0.00110375,0.0,0.0,0.0,0.0,0.0,0.0324725,0,0
339,ALB,Albania,Europe,2026-08,3,2026-11,0.0147067,0.00336107,0.00089984,0.00331126,0.00331126,0.00110375,0.0,0.0,0.0,0.0,0.0,0.0324725,0,0
343,MKD,North Macedonia,Europe,2026-08,3,2026-11,0.0147067,0.00336107,0.00089984,0.0261194,0.00124378,0.00124378,0.0,0.0,0.0,0.0,0.0,0.0324725,0,0
344,HRV,Croatia,Europe,2026-08,3,2026-11,0.0147067,0.00336107,0.00089984,0.058753,0.0155875,0.0107914,0.0,0.0,0.0,0.0,0.0,0.0324725,0,0
345,SRB,Serbia (Yugoslavia),Europe,2026-08,3,2026-11,0.0147067,0.00336107,0.00089984,0.0827815,0.0562914,0.0320088,0.0,0.0,0.0,0.0,0.0,0.0324725,0,0
346,BIH,Bosnia-Herzegovina,Europe,2026-08,3,2026-11,0.0147067,0.00336107,0.00089984,0.109903,0.105072,0.105072,0.0,0.0,0.0,0.0,0.0,0.0324725,0,0
352,CYP,Cyprus,Europe,2026-08,3,2026-11,0.0147067,0.00336107,0.00089984,0.00331126,0.00110375,0.00110375,0.0,0.0,0.0,0.0,0.0,0.0324725,0,0
359,MDA,Moldova,Europe,2026-08,3,2026-11,0.0851789,0.00255084,0.0004202,0.0155502,0.0131579,0.00358852,0.0,0.0,0.0,0.0,1.68215,0.114356,0,1
360,ROU,Romania,Europe,2026-08,3,2026-11,0.0147067,0.00336107,0.00089984,0.00331126,0.00331126,0.00331126,0.0,0.0,0.0,0.0,0.0,0.0324725,0,0
365,RUS,Russia (Soviet Union),Europe,2026-08,3,2026-11,0.963453,0.765386,0.262311,0.764901,0.449227,0.140177,2.81045,25.1527,49.6177,100.0,514.493,3.88224,54,547
369,UKR,Ukraine,Europe,2026-08,3,2026-11,0.986527,0.986527,0.985079,0.364833,0.273923,0.166268,556.52,1056.26,1605.87,2709.96,6354.23,7.43911,5648,85085
371,ARM,Armenia,Europe,2026-08,3,2026-11,0.0256695,0.00248931,0.00055419,0.106459,0.00837321,0.00358852,0.0,0.0,0.0,0.0,0.0,0.0427673,0,0
372,GEO,Georgia,Europe,2026-08,3,2026-11,0.025345,0.00250655,0.000560398,0.0873206,0.0538278,0.0179426,0.0,0.0,0.0,0.0,0.0,0.0424435,0,0
373,AZE,Azerbaijan,Europe,2026-08,3,2026-11,0.0247348,0.00253989,0.000572478,0.438995,0.0801435,0.0490431,0.0,0.0,0.0,0.0,0.0,0.0418358,0,0
380,SWE,Sweden,Europe,2026-08,3,2026-11,0.156875,0.00402872,0.000609262,0.00772627,0.00110375,0.00110375,0.0,0.0,0.0,0.0,3.81746,0.211221,0,3
404,GNB,Guinea-Bissau,Africa,2026-08,3,2026-11,0.0154407,0.00405886,0.00130126,0.0165563,0.0143488,0.00772627,0.0,0.0,0.0,0.0,0.0,0.0369265,0,0
420,GMB,Gambia,Africa,2026-08,3,2026-11,0.0272906,0.00298536,0.000792391,0.00993377,0.00110375,0.00110375,0.0,0.0,0.0,0.0,0.0,0.0481087,0,0
432,MLI,Mali,Africa,2026-08,3,2026-11,0.962485,0.84946,0.503507,0.484547,0.343267,0.190949,4.15852,40.8896,100.0,238.274,867.061,4.47039,96,1939
433,SEN,Senegal,Africa,2026-08,3,2026-11,0.0167605,0.00388413,0.00121198,0.272627,0.0518764,0.0121413,0.0,0.0,0.0,0.0,0.0,0.0380127,0,0
434,BEN,Benin,Africa,2026-08,3,2026-11,0.425388,0.048549,0.00933266,0.0916115,0.00772627,0.00110375,0.0,0.0,0.0,3.97607,18.4529,0.825755,0,45
435,MRT,Mauritania,Africa,2026-08,3,2026-11,0.0284569,0.00291822,0.000763821,0.0452539,0.00331126,0.00331126,0.0,0.0,0.0,0.0,0.0,0.0492975,0,0
436,NER,Niger,Africa,2026-08,3,2026-11,0.955709,0.766494,0.351571,0.391832,0.208609,0.0739514,1.87037,26.7855,59.4121,125.459,510.979,3.97683,42,1255
437,CIV,Ivory Coast,Africa,2026-08,3,2026-11,0.238963,0.0125984,0.00278018,0.157837,0.0584989,0.0275938,0.0,0.0,0.0,0.0,7.37461,0.375274,7,7
438,GIN,Guinea,Africa,2026-08,3,2026-11,0.0201649,0.00351637,0.00103212,0.0651214,0.0231788,0.00772627,0.0,0.0,0.0,0.0,0.0,0.0410803,0,0
439,BFA,Burkina Faso,Africa,2026-08,3,2026-11,0.967221,0.895299,0.621514,0.259382,0.213024,0.155629,5.84502,58.9353,157.24,312.177,1043.2,4.86056,171,2740
450,LBR,Liberia,Africa,2026-08,3,2026-11,0.0298073,0.0028455,0.000733331,0.250552,0.131347,0.0783664,0.0,0.0,0.0,0.0,0.0,0.05068,0,0
451,SLE,Sierra Leone,Africa,2026-08,3,2026-11,0.0201649,0.00351637,0.00103212,0.266004,0.197572,0.126932,0.0,0.0,0.0,0.0,0.0,0.0410803,0,0
452,GHA,Ghana,Africa,2026-08,3,2026-11,0.840291,0.124375,0.0162365,0.093819,0.0209713,0.00551876,0.0,1.57784,4.85752,12.0122,49.2013,1.78727,3,77
461,TGO,Togo,Africa,2026-08,3,2026-11,0.137232,0.0133287,0.00248916,0.080574,0.0187638,0.00331126,0.0,0.0,0.0,0.0,6.78814,0.247377,0,2
471,CMR,Cameroon,Africa,2026-08,3,2026-11,0.947598,0.599213,0.173387,0.36755,0.288079,0.0452539,0.0,10.4557,33.5226,71.5018,198.268,3.31704,32,470
475,NGA,Nigeria,Africa,2026-08,3,2026-11,0.977422,0.967311,0.878885,0.769316,0.586093,0.462472,43.444,233.026,404.139,740.421,1737.09,5.88847,1015,7777
482,CAF,Central African Republic,Africa,2026-08,3,2026-11,0.933404,0.411679,0.0794521,0.530905,0.292494,0.089404,0.0,5.28386,16.5708,42.5849,100.0,2.75321,11,287
483,TCD,Chad,Africa,2026-08,3,2026-11,0.91294,0.373836,0.0737914,0.413907,0.182119,0.0717439,0.0,4.47371,14.4875,41.2344,100.0,2.64314,16,237
484,COG,Congo,Africa,2026-08,3,2026-11,0.0221859,0.00333972,0.000949703,0.137969,0.0430464,0.0209713,0.0,0.0,0.0,0.0,0.0,0.0430079,0,0
490,COD,DR Congo (Zaire),Africa,2026-08,3,2026-11,0.969282,0.920405,0.698885,0.873068,0.722958,0.528698,9.51348,82.5169,219.769,404.096,1214.88,5.14638,172,3918
500,UGA,Uganda,Africa,2026-08,3,2026-11,0.327881,0.0142595,0.00260107,0.45585,0.288079,0.126932,0.0,0.0,0.0,1.05419,8.38566,0.506242,2,12
501,KEN,Kenya,Africa,2026-08,3,2026-11,0.721948,0.106701,0.0161573,0.643488,0.173289,0.0253863,0.0,0.0,3.79586,11.0144,46.4651,1.55763,0,69
510,TZA,Tanzania,Africa,2026-08,3,2026-11,0.143663,0.0617105,0.0273088,0.0739514,0.00772627,0.00331126,0.0,0.0,0.0,0.0,37.5177,0.445479,0,1007
516,BDI,Burundi,Africa,2026-08,3,2026-11,0.911015,0.138995,0.0138186,0.720751,0.343267,0.173289,0.0,2.38216,5.90408,14.4532,49.9539,1.97831,4,38
517,RWA,Rwanda,Africa,2026-08,3,2026-11,0.0432591,0.00483437,0.00112477,0.217439,0.115894,0.0739514,0.0,0.0,0.0,0.0,0.0,0.0775986,0,0
520,SOM,Somalia,Africa,2026-08,3,2026-11,0.966932,0.905955,0.661926,0.881898,0.771523,0.471302,6.94314,66.8767,187.758,377.026,1133.63,4.99953,147,3762
522,DJI,Djibouti,Africa,2026-08,3,2026-11,0.107695,0.0102791,0.0026099,0.0695364,0.0143488,0.00331126,0.0,0.0,0.0,0.0,3.95213,0.187432,0,14
530,ETH,Ethiopia,Africa,2026-08,3,2026-11,0.970768,0.934434,0.757401,0.69426,0.480132,0.277042,15.9986,116.021,263.123,497.793,1332.93,5.35301,311,5315
531,ERI,Eritrea,Africa,2026-08,3,2026-11,0.0221859,0.00333972,0.000949703,0.0511222,0.0187032,0.0137157,0.0,0.0,0.0,0.0,0.0,0.0430079,0,0
540,AGO,Angola,Africa,2026-08,3,2026-11,0.0564903,0.00683309,0.00147503,0.47351,0.204194,0.133554,0.0,0.0,0.0,0.0,1.0,0.104364,0,0
541,MOZ,Mozambique,Africa,2026-08,3,2026-11,0.944749,0.559803,0.146043,0.396247,0.241722,0.0739514,0.0,8.85089,28.946,61.0712,166.05,3.18664,22,438
551,ZMB,Zambia,Africa,2026-08,3,2026-11,0.174074,0.00310572,0.000521455,0.0430464,0.00110375,0.00110375,0.0,0.0,0.0,0.0,4.18755,0.225137,1,1
552,ZWE,Zimbabwe (Rhodesia),Africa,2026-08,3,2026-11,0.0192998,0.00360041,0.00107225,0.0540839,0.00331126,0.00331126,0.0,0.0,0.0,0.0,0.0,0.0402749,0,0
560,ZAF,South Africa,Africa,2026-08,3,2026-11,0.896303,0.343985,0.0714743,0.312362,0.135762,0.0231788,0.0,3.79026,12.7335,36.0131,100.0,2.55143,40,147
565,NAM,Namibia,Africa,2026-08,3,2026-11,0.0154407,0.00405886,0.00130126,0.0148064,0.00341686,0.00113895,0.0,0.0,0.0,0.0,0.0,0.0369265,0,0
570,LSO,Lesotho,Africa,2026-08,3,2026-11,0.0154407,0.00405886,0.00130126,0.00331126,0.00331126,0.00110375,0.0,0.0,0.0,0.0,0.0,0.0369265,0,0
571,BWA,Botswana,Africa,2026-08,3,2026-11,0.0154407,0.00405886,0.00130126,0.00331126,0.00110375,0.00110375,0.0,0.0,0.0,0.0,0.0,0.0369265,0,0
572,SWZ,Kingdom of eSwatini (Swaziland),Africa,2026-08,3,2026-11,0.0365714,0.00330565,0.000801892,0.0253863,0.00331126,0.00110375,0.0,0.0,0.0,0.0,0.0,0.0616241,0,0
580,MDG,Madagascar (Malagasy),Africa,2026-08,3,2026-11,0.019186,0.0036119,0.00107778,0.0320088,0.00772627,0.00110375,0.0,0.0,0.0,0.0,0.0,0.04017,0,0
581,COM,Comoros,Africa,2026-08,3,2026-11,0.0154407,0.00405886,0.00130126,0.00772627,0.00772627,0.00110375,0.0,0.0,0.0,0.0,0.0,0.0369265,0,0
600,MAR,Morocco,Africa,2026-08,3,2026-11,0.127894,0.0070435,0.00146973,0.0430464,0.00772627,0.00331126,0.0,0.0,0.0,0.0,4.13112,0.198884,0,3
615,DZA,Algeria,Africa,2026-08,3,2026-11,0.154525,0.0140412,0.00325797,0.747241,0.407285,0.131347,0.0,0.0,0.0,0.0,6.56857,0.2736,0,18
616,TUN,Tunisia,Africa,2026-08,3,2026-11,0.0685508,0.00543029,0.00138848,0.162252,0.00772627,0.00110375,0.0,0.0,0.0,0.0,1.24967,0.11122,0,5
620,LBY,Libya,Africa,2026-08,3,2026-11,0.602725,0.0499743,0.00840659,0.248344,0.173289,0.109272,0.0,0.0,1.42618,5.89268,18.2596,1.11568,6,31
625,SDN,Sudan,Africa,2026-08,3,2026-11,0.970958,0.970958,0.922864,0.954746,0.784768,0.530905,60.7724,402.597,672.389,1135.08,2662.27,6.36243,272,67494
626,SSD,South Sudan,Africa,2026-08,3,2026-11,0.957458,0.742147,0.312126,0.860656,0.653005,0.281421,1.82915,24.0,56.5774,100.0,355.478,3.85365,109,799
630,IRN,Iran,Middle East,2026-08,3,2026-11,0.945501,0.862574,0.621933,0.451435,0.089404,0.0231788,0.0,54.4269,181.887,360.958,1205.85,4.8285,15,23650
640,TUR,Turkey,Middle East,2026-08,3,2026-11,0.372742,0.0206509,0.00381739,0.879691,0.488962,0.206402,0.0,0.0,0.0,2.07573,11.5757,0.629498,0,16
645,IRQ,Iraq,Middle East,2026-08,3,2026-11,0.921613,0.334672,0.0594536,0.895143,0.696468,0.431567,0.0,3.76503,12.6612,34.2432,100.0,2.54892,2,238
651,EGY,Egypt,Middle East,2026-08,3,2026-11,0.0479164,0.00420121,0.00105327,0.449227,0.153422,0.0298013,0.0,0.0,0.0,0.0,0.0,0.0817113,0,0
652,SYR,Syria,Middle East,2026-08,3,2026-11,0.964005,0.805735,0.391462,0.42053,0.407285,0.363135,3.29546,33.1819,69.8514,132.035,456.319,4.1048,65,674
660,LBN,Lebanon,Middle East,2026-08,3,2026-11,0.956002,0.861205,0.565627,0.511038,0.149007,0.0496689,3.51576,48.443,120.053,268.644,898.053,4.60098,25,4531
663,JOR,Jordan,Middle East,2026-08,3,2026-11,0.135185,0.00524916,0.00118275,0.0209713,0.00331126,0.00110375,0.0,0.0,0.0,0.0,4.43078,0.198599,0,3
666,ISR,Israel,Middle East,2026-08,3,2026-11,0.968172,0.915543,0.693079,0.771523,0.261589,0.0960265,8.14393,76.9897,198.942,365.881,1100.17,5.05738,102,4023
670,SAU,Saudi Arabia,Middle East,2026-08,3,2026-11,0.124837,0.00899604,0.00210868,0.126932,0.0187638,0.00110375,0.0,0.0,0.0,0.0,4.71732,0.210468,0,5
678,YEM,Yemen (North Yemen),Middle East,2026-08,3,2026-11,0.977293,0.949132,0.807512,0.504415,0.451435,0.296909,24.0,131.114,240.181,420.728,1126.83,5.36033,1380,2492
690,KWT,Kuwait,Middle East,2026-08,3,2026-11,0.28948,0.0157757,0.00319593,0.0253863,0.0143488,0.00772627,0.0,0.0,0.0,1.0,9.45851,0.479874,0,15
692,BHR,Bahrain,Middle East,2026-08,3,2026-11,0.0805153,0.00548072,0.00140294,0.0342163,0.00110375,0.00110375,0.0,0.0,0.0,0.0,2.40145,0.130577,0,3
694,QAT,Qatar,Middle East,2026-08,3,2026-11,0.0598348,0.00706909,0.00216233,0.00331126,0.00110375,0.00110375,0.0,0.0,0.0,0.0,1.0,0.108905,0,6
696,ARE,United Arab Emirates,Middle East,2026-08,3,2026-11,0.154462,0.0123335,0.00298052,0.0121413,0.00110375,0.00110375,0.0,0.0,0.0,0.0,6.58829,0.269113,0,12
698,OMN,Oman,Middle East,2026-08,3,2026-11,0.233963,0.010636,0.00218505,0.00772627,0.00110375,0.00110375,0.0,0.0,0.0,0.0,7.77557,0.370857,0,7
700,AFG,Afghanistan,Asia,2026-08,3,2026-11,0.950518,0.690319,0.256632,0.985651,0.886313,0.711921,1.66821,18.5948,45.8702,100.0,342.682,3.65321,56,935
702,TJK,Tajikistan,Asia,2026-08,3,2026-11,0.173863,0.00308835,0.000515769,0.214115,0.09689,0.0322967,0.0,0.0,0.0,0.0,4.17498,0.224534,1,1
703,KGZ,Kyrgyzstan,Asia,2026-08,3,2026-11,0.0229348,0.00326556,0.000914648,0.027512,0.0131579,0.00358852,0.0,0.0,0.0,0.0,0.0,0.0436519,0,0
704,UZB,Uzbekistan,Asia,2026-08,3,2026-11,0.0154249,0.0040428,0.00129121,0.0203349,0.00598086,0.00358852,0.0,0.0,0.0,0.0,0.0,0.0368258,0,0
710,CHN,China,Asia,2026-08,3,2026-11,0.0265687,0.00301548,0.000804252,0.0386313,0.00993377,0.00551876,0.0,0.0,0.0,0.0,0.0,0.0472925,0,0
750,IND,India,Asia,2026-08,3,2026-11,0.938015,0.472503,0.100534,0.998896,0.939294,0.453642,0.0,6.35034,22.5877,49.6797,108.871,2.92355,16,364
760,BTN,Bhutan,Asia,2026-08,3,2026-11,0.0154249,0.0040428,0.00129121,0.00331126,0.00110375,0.00110375,0.0,0.0,0.0,0.0,0.0,0.0368258,0,0
770,PAK,Pakistan,Asia,2026-08,3,2026-11,0.97402,0.945797,0.791456,0.855408,0.541943,0.307947,24.0,167.454,306.521,536.729,1437.06,5.50455,551,4692
771,BGD,Bangladesh,Asia,2026-08,3,2026-11,0.810589,0.134099,0.0205236,0.519868,0.0253863,0.00551876,0.0,1.27623,5.01689,12.3662,53.2664,1.77619,5,80
775,MMR,Myanmar (Burma),Asia,2026-08,3,2026-11,0.962776,0.847483,0.493551,0.934879,0.513245,0.248344,4.09091,40.8663,99.0,223.776,652.51,4.46232,122,1922
780,LKA,Sri Lanka,Asia,2026-08,3,2026-11,0.397787,0.0709577,0.0199307,0.50883,0.405077,0.296909,0.0,0.0,0.0,4.04884,39.9407,0.853844,3,135
790,NPL,Nepal,Asia,2026-08,3,2026-11,0.171217,0.00592312,0.00111885,0.316777,0.155629,0.0916115,0.0,0.0,0.0,0.0,5.09504,0.248386,0,4
800,THA,Thailand,Asia,2026-08,3,2026-11,0.851209,0.143483,0.0193178,0.636865,0.126932,0.00331126,0.0,1.67127,5.0698,12.4838,56.0096,1.87075,4,76
811,KHM,Cambodia (Kampuchea),Asia,2026-08,3,2026-11,0.074156,0.0227255,0.00904496,0.235099,0.104857,0.0452539,0.0,0.0,0.0,0.0,3.26066,0.188937,0,128
812,LAO,Laos,Asia,2026-08,3,2026-11,0.0154249,0.0040428,0.00129121,0.0408389,0.00993377,0.00331126,0.0,0.0,0.0,0.0,0.0,0.0368258,0,0
820,MYS,Malaysia,Asia,2026-08,3,2026-11,0.0163957,0.00391258,0.0012247,0.00551876,0.00331126,0.00110375,0.0,0.0,0.0,0.0,0.0,0.0376178,0,0
840,PHL,Philippines,Asia,2026-08,3,2026-11,0.928626,0.328289,0.0515596,0.963576,0.566225,0.0960265,0.0,3.63325,12.2834,31.8085,100.0,2.52679,10,171
850,IDN,Indonesia,Asia,2026-08,3,2026-11,0.906889,0.295027,0.0492283,0.592715,0.168874,0.0562914,0.0,3.50325,10.4208,28.561,84.1582,2.41116,14,156
900,AUS,Australia,Asia,2026-08,3,2026-11,0.0171947,0.00381389,0.00117519,0.00331126,0.00110375,0.00110375,0.0,0.0,0.0,0.0,0.0,0.0383012,0,0
910,PNG,Papua New Guinea,Asia,2026-08,3,2026-11,0.77016,0.059886,0.00695608,0.206402,0.0320088,0.00110375,0.0,1.0,2.9795,7.90254,25.0,1.41926,1,34
940,SLB,Solomon Islands,Asia,2026-08,3,2026-11,0.0154249,0.0040428,0.00129121,0.00331126,0.00110375,0.00110375,0.0,0.0,0.0,0.0,0.0,0.0368258,0,0
2,USA,United States of America,Americas,2026-08,6,2027-02,0.315564,0.0147029,0.00261875,0.0607064,0.00331126,0.00331126,0.0,0.0,0.0,1.02227,8.46913,0.489765,2,9
20,CAN,Canada,Americas,2026-08,6,2027-02,0.111663,0.00702303,0.00163579,0.0496689,0.00110375,0.00110375,0.0,0.0,0.0,0.0,3.69688,0.178329,0,3
41,HTI,Haiti,Americas,2026-08,6,2027-02,0.948551,0.733339,0.327366,0.195364,0.111479,0.0408389,0.0,24.0,55.0444,119.885,444.342,3.87723,47,945
42,DOM,Dominican Republic,Americas,2026-08,6,2027-02,0.34337,0.0171027,0.00290736,0.0121413,0.00110375,0.00110375,0.0,0.0,0.0,1.437,9.03073,0.550362,0,11
51,JAM,Jamaica,Americas,2026-08,6,2027-02,0.208126,0.0148792,0.00313887,0.0452539,0.00551876,0.00110375,0.0,0.0,0.0,0.0,8.24683,0.349973,0,9
52,TTO,Trinidad and Tobago,Americas,2026-08,6,2027-02,0.0742667,0.00446239,0.00107387,0.00551876,0.00331126,0.00110375,0.0,0.0,0.0,0.0,1.49856,0.115921,0,1
70,MEX,Mexico,Americas,2026-08,6,2027-02,0.962523,0.896025,0.657243,0.64128,0.50883,0.374172,5.1089,66.0704,202.447,411.05,1348.32,5.02311,214,3253
80,BLZ,Belize,Americas,2026-08,6,2027-02,0.208591,0.0187751,0.00450868,0.00993377,0.00110375,0.00110375,0.0,0.0,0.0,0.0,8.67248,0.369012,0,15
90,GTM,Guatemala,Americas,2026-08,6,2027-02,0.825003,0.121804,0.0175718,0.325607,0.0231788,0.0143488,0.0,1.48703,4.68369,11.929,48.1519,1.73738,5,50
91,HND,Honduras,Americas,2026-08,6,2027-02,0.23918,0.0274722,0.00720183,0.190949,0.00772627,0.00110375,0.0,0.0,0.0,0.0,10.1277,0.446808,0,28
92,SLV,El Salvador,Americas,2026-08,6,2027-02,0.0261894,0.00408945,0.00150393,0.118102,0.0386313,0.00993377,0.0,0.0,0.0,0.0,0.0,0.0522581,0,0
93,NIC,Nicaragua,Americas,2026-08,6,2027-02,0.0189353,0.00470369,0.00204756,0.0275938,0.0165563,0.00551876,0.0,0.0,0.0,0.0,0.0,0.045526,0,0
94,CRI,Costa Rica,Americas,2026-08,6,2027-02,0.193269,0.0341546,0.00893905,0.0673289,0.00110375,0.00110375,0.0,0.0,0.0,0.0,13.3401,0.412122,0,47
95,PAN,Panama,Americas,2026-08,6,2027-02,0.0189353,0.00470369,0.00204756,0.00772627,0.00551876,0.00331126,0.0,0.0,0.0,0.0,0.0,0.045526,0,0
100,COL,Colombia,Americas,2026-08,6,2027-02,0.958654,0.848735,0.53442,0.976821,0.66777,0.279249,3.42828,43.8319,112.862,272.556,1095.88,4.59015,259,1637
101,VEN,Venezuela,Americas,2026-08,6,2027-02,0.737646,0.140087,0.0262537,0.727373,0.0165563,0.00331126,0.0,0.0,3.52058,12.0704,58.1695,1.64344,8,119
110,GUY,Guyana,Americas,2026-08,6,2027-02,0.0189353,0.00470369,0.00204756,0.00772627,0.00110375,0.00110375,0.0,0.0,0.0,0.0,0.0,0.045526,0,0
130,ECU,Ecuador,Americas,2026-08,6,2027-02,0.763203,0.234166,0.0534476,0.144592,0.084989,0.00551876,0.0,1.0,5.27302,23.8626,100.0,1.96534,0,433
135,PER,Peru,Americas,2026-08,6,2027-02,0.191477,0.0121168,0.0024969,0.424945,0.131347,0.0518764,0.0,0.0,0.0,0.0,6.68094,0.308401,0,8
140,BRA,Brazil,Americas,2026-08,6,2027-02,0.936974,0.551236,0.157047,0.559603,0.259382,0.133554,0.0,7.64459,28.8888,65.1539,189.961,3.17382,24,371
145,BOL,Bolivia,Americas,2026-08,6,2027-02,0.0295275,0.00388195,0.0013408,0.0165563,0.00331126,0.00110375,0.0,0.0,0.0,0.0,0.0,0.0556384,0,0
150,PRY,Paraguay,Americas,2026-08,6,2027-02,0.0252766,0.00415276,0.00155575,0.0121413,0.00331126,0.00331126,0.0,0.0,0.0,0.0,0.0,0.0513562,0,0
155,CHL,Chile,Americas,2026-08,6,2027-02,0.196611,0.00632098,0.00113498,0.00331126,0.00110375,0.00110375,0.0,0.0,0.0,0.0,5.66846,0.279855,2,2
160,ARG,Argentina,Americas,2026-08,6,2027-02,0.241755,0.0268291,0.00588338,0.0739514,0.00331126,0.00110375,0.0,0.0,0.0,0.0,11.0241,0.462135,0,21
200,GBR,United Kingdom,Europe,2026-08,6,2027-02,0.020611,0.00363152,0.00127482,0.186534,0.00551876,0.00110375,0.0,0.0,0.0,0.0,0.0,0.0422038,0,0
210,NLD,Netherlands,Europe,2026-08,6,2027-02,0.0176176,0.0038852,0.00147944,0.00331126,0.00110375,0.00110375,0.0,0.0,0.0,0.0,0.0,0.0395634,0,0
211,BEL,Belgium,Europe,2026-08,6,2027-02,0.0290001,0.00313251,0.000920329,0.00993377,0.00331126,0.00110375,0.0,0.0,0.0,0.0,0.0,0.0503975,0,0
220,FRA,France,Europe,2026-08,6,2027-02,0.170179,0.00362571,0.000528929,0.0562914,0.00551876,0.00331126,0.0,0.0,0.0,0.0,4.13125,0.219694,1,1
230,ESP,Spain,Europe,2026-08,6,2027-02,0.19658,0.00676323,0.0011188,0.199779,0.00331126,0.00331126,0.0,0.0,0.0,0.0,5.46801,0.276713,3,3
260,DEU,Germany,Europe,2026-08,6,2027-02,0.128726,0.00451897,0.000774054,0.0165563,0.00110375,0.00110375,0.0,0.0,0.0,0.0,3.3683,0.177967,0,2
290,POL,Poland,Europe,2026-08,6,2027-02,0.0259978,0.00328476,0.00102182,0.00331126,0.00110375,0.00110375,0.0,0.0,0.0,0.0,0.0,0.0473888,0,0
305,AUT,Austria,Europe,2026-08,6,2027-02,0.0219661,0.00353313,0.00119993,0.00331126,0.00110375,0.00110375,0.0,0.0,0.0,0.0,0.0,0.0434731,0,0
325,ITA,Italy,Europe,2026-08,6,2027-02,0.0176176,0.0038852,0.00147944,0.00110375,0.00110375,0.00110375,0.0,0.0,0.0,0.0,0.0,0.0395634,0,0
338,MLT,Malta,Europe,2026-08,6,2027-02,0.0176176,0.0038852,0.00147944,0.00110375,0.00110375,0.00110375,0.0,0.0,0.0,0.0,0.0,0.0395634,0,0
339,ALB,Albania,Europe,2026-08,6,2027-02,0.0176176,0.0038852,0.00147944,0.00331126,0.00331126,0.00110375,0.0,0.0,0.0,0.0,0.0,0.0395634,0,0
343,MKD,North Macedonia,Europe,2026-08,6,2027-02,0.0176176,0.0038852,0.00147944,0.0261194,0.00124378,0.00124378,0.0,0.0,0.0,0.0,0.0,0.0395634,0,0
344,HRV,Croatia,Europe,2026-08,6,2027-02,0.0176176,0.0038852,0.00147944,0.058753,0.0155875,0.0107914,0.0,0.0,0.0,0.0,0.0,0.0395634,0,0
345,SRB,Serbia (Yugoslavia),Europe,2026-08,6,2027-02,0.0176176,0.0038852,0.00147944,0.0827815,0.0562914,0.0320088,0.0,0.0,0.0,0.0,0.0,0.0395634,0,0
346,BIH,Bosnia-Herzegovina,Europe,2026-08,6,2027-02,0.0176176,0.0038852,0.00147944,0.109903,0.105072,0.105072,0.0,0.0,0.0,0.0,0.0,0.0395634,0,0
352,CYP,Cyprus,Europe,2026-08,6,2027-02,0.0176176,0.0038852,0.00147944,0.00331126,0.00110375,0.00110375,0.0,0.0,0.0,0.0,0.0,0.0395634,0,0
359,MDA,Moldova,Europe,2026-08,6,2027-02,0.0920912,0.00355993,0.000682376,0.0155502,0.0131579,0.00358852,0.0,0.0,0.0,0.0,2.09654,0.128661,0,1
360,ROU,Romania,Europe,2026-08,6,2027-02,0.0176176,0.0038852,0.00147944,0.00331126,0.00331126,0.00331126,0.0,0.0,0.0,0.0,0.0,0.0395634,0,0
365,RUS,Russia (Soviet Union),Europe,2026-08,6,2027-02,0.956651,0.740278,0.303905,0.764901,0.449227,0.140177,1.78776,24.0,52.797,132.129,538.344,3.90477,54,547
369,UKR,Ukraine,Europe,2026-08,6,2027-02,0.980583,0.980583,0.975913,0.364833,0.273923,0.166268,501.975,956.158,1449.53,2509.62,6347.13,7.30505,5648,85085
371,ARM,Armenia,Europe,2026-08,6,2027-02,0.0296892,0.00310066,0.000899832,0.106459,0.00837321,0.00358852,0.0,0.0,0.0,0.0,0.0,0.0510997,0,0
372,GEO,Georgia,Europe,2026-08,6,2027-02,0.0293376,0.00311678,0.000910173,0.0873206,0.0538278,0.0179426,0.0,0.0,0.0,0.0,0.0,0.0507413,0,0
373,AZE,Azerbaijan,Europe,2026-08,6,2027-02,0.0286757,0.00314787,0.000930307,0.438995,0.0801435,0.0490431,0.0,0.0,0.0,0.0,0.0,0.0500676,0,0
380,SWE,Sweden,Europe,2026-08,6,2027-02,0.163717,0.00572571,0.000956973,0.00772627,0.00110375,0.00110375,0.0,0.0,0.0,0.0,4.72456,0.229577,0,3
404,GNB,Guinea-Bissau,Africa,2026-08,6,2027-02,0.0190936,0.00480869,0.00212588,0.0165563,0.0143488,0.00772627,0.0,0.0,0.0,0.0,0.0,0.0462725,0,0
420,GMB,Gambia,Africa,2026-08,6,2027-02,0.0325395,0.00381794,0.0012782,0.00993377,0.00110375,0.00110375,0.0,0.0,0.0,0.0,0.0,0.0593615,0,0
432,MLI,Mali,Africa,2026-08,6,2027-02,0.954319,0.831089,0.504495,0.484547,0.343267,0.190949,2.15861,38.0478,100.0,248.433,999.159,4.44839,96,1939
433,SEN,Senegal,Africa,2026-08,6,2027-02,0.0206183,0.00465236,0.00197645,0.272627,0.0518764,0.0121413,0.0,0.0,0.0,0.0,0.0,0.0475746,0,0
434,BEN,Benin,Africa,2026-08,6,2027-02,0.441777,0.0634022,0.0141993,0.0916115,0.00772627,0.00110375,0.0,0.0,0.0,4.76697,31.2102,0.904772,0,45
435,MRT,Mauritania,Africa,2026-08,6,2027-02,0.0338382,0.00375327,0.00123095,0.0452539,0.00331126,0.00331126,0.0,0.0,0.0,0.0,0.0,0.0607291,0,0
436,NER,Niger,Africa,2026-08,6,2027-02,0.947078,0.754524,0.361692,0.391832,0.208609,0.0739514,0.0,26.5852,59.702,147.522,596.286,3.98561,42,1255
437,CIV,Ivory Coast,Africa,2026-08,6,2027-02,0.240917,0.0156053,0.00342158,0.157837,0.0584989,0.0275938,0.0,0.0,0.0,0.0,8.0009,0.396422,7,7
438,GIN,Guinea,Africa,2026-08,6,2027-02,0.024516,0.00431745,0.00167625,0.0651214,0.0231788,0.00772627,0.0,0.0,0.0,0.0,0.0,0.0512039,0,0
439,BFA,Burkina Faso,Africa,2026-08,6,2027-02,0.959385,0.874992,0.604861,0.259382,0.213024,0.155629,4.30254,54.6423,160.875,323.821,1179.64,4.80147,171,2740
450,LBR,Liberia,Africa,2026-08,6,2027-02,0.0353373,0.00368281,0.00118057,0.250552,0.131347,0.0783664,0.0,0.0,0.0,0.0,0.0,0.0623154,0,0
451,SLE,Sierra Leone,Africa,2026-08,6,2027-02,0.024516,0.00431745,0.00167625,0.266004,0.197572,0.126932,0.0,0.0,0.0,0.0,0.0,0.0512039,0,0
452,GHA,Ghana,Africa,2026-08,6,2027-02,0.831079,0.151098,0.0239784,0.093819,0.0209713,0.00551876,0.0,1.57559,4.88609,13.8535,56.3331,1.83737,3,77
461,TGO,Togo,Africa,2026-08,6,2027-02,0.159182,0.0164729,0.00419251,0.080574,0.0187638,0.00331126,0.0,0.0,0.0,0.0,8.49559,0.30122,0,2
471,CMR,Cameroon,Africa,2026-08,6,2027-02,0.938061,0.59658,0.191803,0.36755,0.288079,0.0452539,0.0,10.4271,33.4464,77.8675,229.454,3.33119,32,470
475,NGA,Nigeria,Africa,2026-08,6,2027-02,0.970214,0.953719,0.850636,0.769316,0.586093,0.462472,33.0973,227.175,387.767,742.027,1877.75,5.78591,1015,7777
482,CAF,Central African Republic,Africa,2026-08,6,2027-02,0.924039,0.431836,0.0965129,0.530905,0.292494,0.089404,0.0,5.18602,18.8414,45.2847,100.811,2.79821,11,287
483,TCD,Chad,Africa,2026-08,6,2027-02,0.902127,0.393412,0.0947991,0.413907,0.182119,0.0717439,0.0,3.67276,14.3712,43.9537,104.961,2.67798,16,237
484,COG,Congo,Africa,2026-08,6,2027-02,0.0268087,0.00415352,0.00153911,0.137969,0.0430464,0.0209713,0.0,0.0,0.0,0.0,0.0,0.0534662,0,0
490,COD,DR Congo (Zaire),Africa,2026-08,6,2027-02,0.962154,0.90345,0.686051,0.873068,0.722958,0.528698,5.84428,76.7637,217.178,405.548,1330.3,5.08209,172,3918
500,UGA,Uganda,Africa,2026-08,6,2027-02,0.333612,0.0189799,0.00360168,0.45585,0.288079,0.126932,0.0,0.0,0.0,1.41866,10.5035,0.539589,2,12
501,KEN,Kenya,Africa,2026-08,6,2027-02,0.720754,0.136087,0.0245997,0.643488,0.173289,0.0253863,0.0,0.0,3.78607,12.838,58.6402,1.634,0,69
510,TZA,Tanzania,Africa,2026-08,6,2027-02,0.154294,0.0695873,0.0243927,0.0739514,0.00772627,0.00331126,0.0,0.0,0.0,0.0,40.184,0.476173,0,1007
516,BDI,Burundi,Africa,2026-08,6,2027-02,0.902223,0.166418,0.0211301,0.720751,0.343267,0.173289,0.0,2.37421,6.05411,14.7995,58.7223,2.0303,4,38
517,RWA,Rwanda,Africa,2026-08,6,2027-02,0.0524101,0.00607019,0.00192749,0.217439,0.115894,0.0739514,0.0,0.0,0.0,0.0,1.0,0.0977667,0,0
520,SOM,Somalia,Africa,2026-08,6,2027-02,0.95897,0.888044,0.640784,0.881898,0.771523,0.471302,4.38406,62.2126,193.787,393.511,1290.88,4.94233,147,3762
522,DJI,Djibouti,Africa,2026-08,6,2027-02,0.119675,0.0137251,0.00389429,0.0695364,0.0143488,0.00331126,0.0,0.0,0.0,0.0,5.48904,0.217685,0,14
530,ETH,Ethiopia,Africa,2026-08,6,2027-02,0.962916,0.916609,0.727218,0.69426,0.480132,0.277042,7.04157,95.9925,262.24,516.308,1485.41,5.26444,311,5315
531,ERI,Eritrea,Africa,2026-08,6,2027-02,0.0268087,0.00415352,0.00153911,0.0511222,0.0187032,0.0137157,0.0,0.0,0.0,0.0,0.0,0.0534662,0,0
540,AGO,Angola,Africa,2026-08,6,2027-02,0.0692685,0.00842795,0.00263498,0.47351,0.204194,0.133554,0.0,0.0,0.0,0.0,2.14237,0.133292,0,0
541,MOZ,Mozambique,Africa,2026-08,6,2027-02,0.935766,0.562792,0.165806,0.396247,0.241722,0.0739514,0.0,7.76852,30.9431,65.7966,192.013,3.21123,22,438
551,ZMB,Zambia,Africa,2026-08,6,2027-02,0.182149,0.00449415,0.000762194,0.0430464,0.00110375,0.00110375,0.0,0.0,0.0,0.0,4.61329,0.248056,1,1
552,ZWE,Zimbabwe (Rhodesia),Africa,2026-08,6,2027-02,0.0235301,0.00439472,0.00174312,0.0540839,0.00331126,0.00331126,0.0,0.0,0.0,0.0,0.0,0.0502569,0,0
560,ZAF,South Africa,Africa,2026-08,6,2027-02,0.880203,0.346825,0.0802407,0.312362,0.135762,0.0231788,0.0,3.11804,12.7721,38.67,100.0,2.54108,40,147
565,NAM,Namibia,Africa,2026-08,6,2027-02,0.0190936,0.00480869,0.00212588,0.0148064,0.00341686,0.00113895,0.0,0.0,0.0,0.0,0.0,0.0462725,0,0
570,LSO,Lesotho,Africa,2026-08,6,2027-02,0.0190936,0.00480869,0.00212588,0.00331126,0.00331126,0.00110375,0.0,0.0,0.0,0.0,0.0,0.0462725,0,0
571,BWA,Botswana,Africa,2026-08,6,2027-02,0.0190936,0.00480869,0.00212588,0.00331126,0.00110375,0.00110375,0.0,0.0,0.0,0.0,0.0,0.0462725,0,0
572,SWZ,Kingdom of eSwatini (Swaziland),Africa,2026-08,6,2027-02,0.0434957,0.00427384,0.00131789,0.0253863,0.00331126,0.00110375,0.0,0.0,0.0,0.0,0.0,0.0762228,0,0
580,MDG,Madagascar (Malagasy),Africa,2026-08,6,2027-02,0.0234001,0.00440525,0.00175234,0.0320088,0.00772627,0.00110375,0.0,0.0,0.0,0.0,0.0,0.0501333,0,0
581,COM,Comoros,Africa,2026-08,6,2027-02,0.0190936,0.00480869,0.00212588,0.00772627,0.00772627,0.00110375,0.0,0.0,0.0,0.0,0.0,0.0462725,0,0
600,MAR,Morocco,Africa,2026-08,6,2027-02,0.141506,0.00964021,0.00222516,0.0430464,0.00772627,0.00331126,0.0,0.0,0.0,0.0,5.16125,0.232199,0,3
615,DZA,Algeria,Africa,2026-08,6,2027-02,0.169522,0.0191787,0.00536232,0.747241,0.407285,0.131347,0.0,0.0,0.0,0.0,7.58881,0.31227,0,18
616,TUN,Tunisia,Africa,2026-08,6,2027-02,0.0771283,0.00712756,0.00191014,0.162252,0.00772627,0.00110375,0.0,0.0,0.0,0.0,1.99024,0.131217,0,5
620,LBY,Libya,Africa,2026-08,6,2027-02,0.591357,0.0609662,0.0111921,0.248344,0.173289,0.109272,0.0,0.0,1.44126,6.0891,28.0079,1.13361,6,31
625,SDN,Sudan,Africa,2026-08,6,2027-02,0.962943,0.962943,0.891966,0.954746,0.784768,0.530905,41.9017,393.488,594.373,1136.9,2876.19,6.24677,272,67494
626,SSD,South Sudan,Africa,2026-08,6,2027-02,0.947931,0.719118,0.317512,0.860656,0.653005,0.281421,0.0,24.0,52.2179,109.334,405.471,3.81982,109,799
630,IRN,Iran,Middle East,2026-08,6,2027-02,0.936765,0.857711,0.582579,0.451435,0.089404,0.0231788,0.0,45.677,172.015,390.934,1423.57,4.76573,15,23650
640,TUR,Turkey,Middle East,2026-08,6,2027-02,0.386325,0.0285368,0.0054641,0.879691,0.488962,0.206402,0.0,0.0,0.0,2.5967,12.3304,0.685679,0,16
645,IRQ,Iraq,Middle East,2026-08,6,2027-02,0.915588,0.385454,0.0840288,0.895143,0.696468,0.431567,0.0,4.31972,14.3579,40.3264,100.0,2.66091,2,238
651,EGY,Egypt,Middle East,2026-08,6,2027-02,0.058026,0.005535,0.00175894,0.449227,0.153422,0.0298013,0.0,0.0,0.0,0.0,1.03144,0.103431,0,0
652,SYR,Syria,Middle East,2026-08,6,2027-02,0.958208,0.789322,0.419509,0.42053,0.407285,0.363135,2.15077,33.3356,74.996,141.618,489.863,4.11133,65,674
660,LBN,Lebanon,Middle East,2026-08,6,2027-02,0.949509,0.859024,0.5977,0.511038,0.149007,0.0496689,0.0,51.4975,134.703,271.304,988.751,4.63614,25,4531
663,JOR,Jordan,Middle East,2026-08,6,2027-02,0.148273,0.00763539,0.00171842,0.0209713,0.00331126,0.00110375,0.0,0.0,0.0,0.0,4.81117,0.229868,0,3
666,ISR,Israel,Middle East,2026-08,6,2027-02,0.962019,0.900486,0.678332,0.771523,0.261589,0.0960265,5.22439,71.2386,194.871,363.981,1194.18,4.99167,102,4023
670,SAU,Saudi Arabia,Middle East,2026-08,6,2027-02,0.141723,0.0125175,0.0035373,0.126932,0.0187638,0.00110375,0.0,0.0,0.0,0.0,6.56621,0.249497,0,5
678,YEM,Yemen (North Yemen),Middle East,2026-08,6,2027-02,0.970125,0.929057,0.769686,0.504415,0.451435,0.296909,13.6758,100.0,237.569,434.042,1249.03,5.26187,1380,2492
690,KWT,Kuwait,Middle East,2026-08,6,2027-02,0.305896,0.022636,0.00500462,0.0253863,0.0143488,0.00772627,0.0,0.0,0.0,1.10189,11.5512,0.529692,0,15
692,BHR,Bahrain,Middle East,2026-08,6,2027-02,0.0925037,0.00769232,0.00226366,0.0342163,0.00110375,0.00110375,0.0,0.0,0.0,0.0,3.40153,0.156743,0,3
694,QAT,Qatar,Middle East,2026-08,6,2027-02,0.0691854,0.00914254,0.00293351,0.00331126,0.00110375,0.00110375,0.0,0.0,0.0,0.0,1.94048,0.131601,0,6
696,ARE,United Arab Emirates,Middle East,2026-08,6,2027-02,0.171217,0.0170842,0.00478026,0.0121413,0.00110375,0.00110375,0.0,0.0,0.0,0.0,7.73677,0.310797,0,12
698,OMN,Oman,Middle East,2026-08,6,2027-02,0.248703,0.0152216,0.00321833,0.00772627,0.00110375,0.00110375,0.0,0.0,0.0,0.0,9.40352,0.413903,0,7
700,AFG,Afghanistan,Asia,2026-08,6,2027-02,0.940631,0.678969,0.277237,0.985651,0.886313,0.711921,0.0,16.051,45.2992,100.0,390.887,3.64884,56,935
702,TJK,Tajikistan,Asia,2026-08,6,2027-02,0.181787,0.00446578,0.000754021,0.214115,0.09689,0.0322967,0.0,0.0,0.0,0.0,4.59843,0.247177,1,1
703,KGZ,Kyrgyzstan,Asia,2026-08,6,2027-02,0.0276345,0.00407791,0.00148136,0.027512,0.0131579,0.00358852,0.0,0.0,0.0,0.0,0.0,0.0541748,0,0
704,UZB,Uzbekistan,Asia,2026-08,6,2027-02,0.0190614,0.00478719,0.00210975,0.0203349,0.00598086,0.00358852,0.0,0.0,0.0,0.0,0.0,0.0461201,0,0
710,CHN,China,Asia,2026-08,6,2027-02,0.0317109,0.00384106,0.00129826,0.0386313,0.00993377,0.00551876,0.0,0.0,0.0,0.0,0.0,0.058373,0,0
750,IND,India,Asia,2026-08,6,2027-02,0.928995,0.484706,0.122073,0.998896,0.939294,0.453642,0.0,6.1938,24.0,52.3106,134.534,2.95643,16,364
760,BTN,Bhutan,Asia,2026-08,6,2027-02,0.0190614,0.00478719,0.00210975,0.00331126,0.00110375,0.00110375,0.0,0.0,0.0,0.0,0.0,0.0461201,0,0
770,PAK,Pakistan,Asia,2026-08,6,2027-02,0.966147,0.927489,0.755733,0.855408,0.541943,0.307947,11.1893,126.994,285.09,561.211,1614.43,5.41113,551,4692
771,BGD,Bangladesh,Asia,2026-08,6,2027-02,0.796624,0.156831,0.0269838,0.519868,0.0253863,0.00551876,0.0,1.26516,5.04414,14.2523,62.4917,1.81109,5,80
775,MMR,Myanmar (Burma),Asia,2026-08,6,2027-02,0.954331,0.826019,0.492048,0.934879,0.513245,0.248344,2.11775,37.692,99.0,232.032,725.34,4.4251,122,1922
780,LKA,Sri Lanka,Asia,2026-08,6,2027-02,0.398789,0.0860867,0.0240863,0.50883,0.405077,0.296909,0.0,0.0,0.0,4.10696,48.4472,0.905204,3,135
790,NPL,Nepal,Asia,2026-08,6,2027-02,0.181988,0.00844224,0.00163197,0.316777,0.155629,0.0916115,0.0,0.0,0.0,0.0,6.26878,0.277312,0,4
800,THA,Thailand,Asia,2026-08,6,2027-02,0.839896,0.168758,0.0266367,0.636865,0.126932,0.00331126,0.0,1.68036,5.9015,14.4577,61.1963,1.91756,4,76
811,KHM,Cambodia (Kampuchea),Asia,2026-08,6,2027-02,0.0832027,0.0266781,0.0094711,0.235099,0.104857,0.0452539,0.0,0.0,0.0,0.0,4.65867,0.21583,0,128
812,LAO,Laos,Asia,2026-08,6,2027-02,0.0190614,0.00478719,0.00210975,0.0408389,0.00993377,0.00331126,0.0,0.0,0.0,0.0,0.0,0.0461201,0,0
820,MYS,Malaysia,Asia,2026-08,6,2027-02,0.0201829,0.0046709,0.00199839,0.00551876,0.00331126,0.00110375,0.0,0.0,0.0,0.0,0.0,0.0470697,0,0
840,PHL,Philippines,Asia,2026-08,6,2027-02,0.919137,0.353529,0.0681913,0.963576,0.566225,0.0960265,0.0,3.5336,12.3278,36.3932,100.0,2.57319,10,171
850,IDN,Indonesia,Asia,2026-08,6,2027-02,0.894855,0.315059,0.0626572,0.592715,0.168874,0.0562914,0.0,2.87339,10.4186,32.3599,100.0,2.44001,14,156
900,AUS,Australia,Asia,2026-08,6,2027-02,0.0211028,0.00458212,0.00191559,0.00331126,0.00110375,0.00110375,0.0,0.0,0.0,0.0,0.0,0.0478846,0,0
910,PNG,Papua New Guinea,Asia,2026-08,6,2027-02,0.763057,0.0777947,0.0104232,0.206402,0.0320088,0.00110375,0.0,1.0,3.05696,8.29397,33.9638,1.46926,1,34
940,SLB,Solomon Islands,Asia,2026-08,6,2027-02,0.0190614,0.00478719,0.00210975,0.00331126,0.00110375,0.00110375,0.0,0.0,0.0,0.0,0.0,0.0461201,0,0
2,USA,United States of America,Americas,2026-08,12,2027-08,0.333153,0.022329,0.00481504,0.0607064,0.00331126,0.00331126,0.0,0.0,0.0,1.42052,10.8097,0.55028,2,9
20,CAN,Canada,Americas,2026-08,12,2027-08,0.124713,0.00982907,0.002671,0.0496689,0.00110375,0.00110375,0.0,0.0,0.0,0.0,5.27616,0.210993,0,3
41,HTI,Haiti,Americas,2026-08,12,2027-08,0.936943,0.721059,0.347379,0.195364,0.111479,0.0408389,0.0,23.717,54.8954,140.461,672.205,3.88396,47,945
42,DOM,Dominican Republic,Americas,2026-08,12,2027-08,0.342631,0.0222518,0.00470531,0.0121413,0.00110375,0.00110375,0.0,0.0,0.0,1.54765,11.4299,0.576861,0,11
51,JAM,Jamaica,Americas,2026-08,12,2027-08,0.218761,0.0200119,0.00503774,0.0452539,0.00551876,0.00110375,0.0,0.0,0.0,0.0,8.67224,0.388101,0,9
52,TTO,Trinidad and Tobago,Americas,2026-08,12,2027-08,0.0871362,0.0065651,0.00188889,0.00551876,0.00331126,0.00110375,0.0,0.0,0.0,0.0,2.77082,0.144467,0,1
70,MEX,Mexico,Americas,2026-08,12,2027-08,0.954234,0.88406,0.641037,0.64128,0.50883,0.374172,3.40364,61.0518,201.02,426.358,1540.7,4.96669,214,3253
80,BLZ,Belize,Americas,2026-08,12,2027-08,0.213495,0.0230032,0.00595047,0.00993377,0.00110375,0.00110375,0.0,0.0,0.0,0.0,10.3613,0.395915,0,15
90,GTM,Guatemala,Americas,2026-08,12,2027-08,0.801042,0.136303,0.0255933,0.325607,0.0231788,0.0143488,0.0,1.14749,4.71505,12.1584,56.717,1.7456,5,50
91,HND,Honduras,Americas,2026-08,12,2027-08,0.241504,0.0334977,0.00874042,0.190949,0.00772627,0.00110375,0.0,0.0,0.0,0.0,12.4589,0.472475,0,28
92,SLV,El Salvador,Americas,2026-08,12,2027-08,0.032527,0.00553281,0.00215164,0.118102,0.0386313,0.00993377,0.0,0.0,0.0,0.0,0.0,0.0677412,0,0
93,NIC,Nicaragua,Americas,2026-08,12,2027-08,0.0237088,0.0059262,0.00261822,0.0275938,0.0165563,0.00551876,0.0,0.0,0.0,0.0,0.0,0.0579605,0,0
94,CRI,Costa Rica,Americas,2026-08,12,2027-08,0.207971,0.0371984,0.0127156,0.0673289,0.00110375,0.00110375,0.0,0.0,0.0,0.0,14.7609,0.461926,0,47
95,PAN,Panama,Americas,2026-08,12,2027-08,0.0237088,0.0059262,0.00261822,0.00772627,0.00551876,0.00331126,0.0,0.0,0.0,0.0,0.0,0.0579605,0,0
100,COL,Colombia,Americas,2026-08,12,2027-08,0.949262,0.835022,0.524605,0.976821,0.66777,0.279249,0.0,39.9911,100.0,300.243,1352.84,4.57317,259,1637
101,VEN,Venezuela,Americas,2026-08,12,2027-08,0.718639,0.154676,0.0351737,0.727373,0.0165563,0.00331126,0.0,0.0,3.61565,12.508,68.6562,1.67237,8,119
110,GUY,Guyana,Americas,2026-08,12,2027-08,0.0237088,0.0059262,0.00261822,0.00772627,0.00110375,0.00110375,0.0,0.0,0.0,0.0,0.0,0.0579605,0,0
130,ECU,Ecuador,Americas,2026-08,12,2027-08,0.722487,0.217276,0.0543092,0.144592,0.084989,0.00551876,0.0,0.0,4.56848,17.7247,100.0,1.86532,0,433
135,PER,Peru,Americas,2026-08,12,2027-08,0.20632,0.0175015,0.00435458,0.424945,0.131347,0.0518764,0.0,0.0,0.0,0.0,8.10353,0.352837,0,8
140,BRA,Brazil,Americas,2026-08,12,2027-08,0.92323,0.54844,0.185708,0.559603,0.259382,0.133554,0.0,7.33126,28.8917,71.1183,265.295,3.19443,24,371
145,BOL,Bolivia,Americas,2026-08,12,2027-08,0.0365579,0.0053932,0.00200011,0.0165563,0.00331126,0.00110375,0.0,0.0,0.0,0.0,0.0,0.0723131,0,0
150,PRY,Paraguay,Americas,2026-08,12,2027-08,0.031422,0.00557469,0.0021985,0.0121413,0.00331126,0.00331126,0.0,0.0,0.0,0.0,0.0,0.0664934,0,0
155,CHL,Chile,Americas,2026-08,12,2027-08,0.223165,0.0111314,0.00244932,0.00331126,0.00110375,0.00110375,0.0,0.0,0.0,0.0,7.0093,0.338743,2,2
160,ARG,Argentina,Americas,2026-08,12,2027-08,0.252169,0.0301975,0.00890565,0.0739514,0.00331126,0.00110375,0.0,0.0,0.0,1.0,14.1365,0.50543,0,21
200,GBR,United Kingdom,Europe,2026-08,12,2027-08,0.024687,0.00464726,0.0017035,0.186534,0.00551876,0.00110375,0.0,0.0,0.0,0.0,0.0,0.0525318,0,0
210,NLD,Netherlands,Europe,2026-08,12,2027-08,0.0211787,0.00480393,0.00187271,0.00331126,0.00110375,0.00110375,0.0,0.0,0.0,0.0,0.0,0.0487904,0,0
211,BEL,Belgium,Europe,2026-08,12,2027-08,0.0344492,0.00432195,0.0013846,0.00993377,0.00331126,0.00110375,0.0,0.0,0.0,0.0,0.0,0.0632982,0,0
220,FRA,France,Europe,2026-08,12,2027-08,0.187443,0.00640792,0.0011899,0.0562914,0.00551876,0.00331126,0.0,0.0,0.0,0.0,5.20037,0.257921,1,1
230,ESP,Spain,Europe,2026-08,12,2027-08,0.216023,0.0115159,0.00230466,0.199779,0.00331126,0.00331126,0.0,0.0,0.0,0.0,6.77328,0.325227,3,3
260,DEU,Germany,Europe,2026-08,12,2027-08,0.140471,0.00718223,0.00151553,0.0165563,0.00110375,0.00110375,0.0,0.0,0.0,0.0,4.19824,0.206705,0,2
290,POL,Poland,Europe,2026-08,12,2027-08,0.0309662,0.00442382,0.00147987,0.00331126,0.00110375,0.00110375,0.0,0.0,0.0,0.0,0.0,0.0594391,0,0
305,AUT,Austria,Europe,2026-08,12,2027-08,0.0262705,0.00458501,0.00163914,0.00331126,0.00110375,0.00110375,0.0,0.0,0.0,0.0,0.0,0.0542619,0,0
325,ITA,Italy,Europe,2026-08,12,2027-08,0.0211787,0.00480393,0.00187271,0.00110375,0.00110375,0.00110375,0.0,0.0,0.0,0.0,0.0,0.0487904,0,0
338,MLT,Malta,Europe,2026-08,12,2027-08,0.0211787,0.00480393,0.00187271,0.00110375,0.00110375,0.00110375,0.0,0.0,0.0,0.0,0.0,0.0487904,0,0
339,ALB,Albania,Europe,2026-08,12,2027-08,0.0211787,0.00480393,0.00187271,0.00331126,0.00331126,0.00110375,0.0,0.0,0.0,0.0,0.0,0.0487904,0,0
343,MKD,North Macedonia,Europe,2026-08,12,2027-08,0.0211787,0.00480393,0.00187271,0.0261194,0.00124378,0.00124378,0.0,0.0,0.0,0.0,0.0,0.0487904,0,0
344,HRV,Croatia,Europe,2026-08,12,2027-08,0.0211787,0.00480393,0.00187271,0.058753,0.0155875,0.0107914,0.0,0.0,0.0,0.0,0.0,0.0487904,0,0
345,SRB,Serbia (Yugoslavia),Europe,2026-08,12,2027-08,0.0211787,0.00480393,0.00187271,0.0827815,0.0562914,0.0320088,0.0,0.0,0.0,0.0,0.0,0.0487904,0,0
346,BIH,Bosnia-Herzegovina,Europe,2026-08,12,2027-08,0.0211787,0.00480393,0.00187271,0.109903,0.105072,0.105072,0.0,0.0,0.0,0.0,0.0,0.0487904,0,0
352,CYP,Cyprus,Europe,2026-08,12,2027-08,0.0211787,0.00480393,0.00187271,0.00331126,0.00110375,0.00110375,0.0,0.0,0.0,0.0,0.0,0.0487904,0,0
359,MDA,Moldova,Europe,2026-08,12,2027-08,0.102103,0.00551945,0.00123868,0.0155502,0.0131579,0.00358852,0.0,0.0,0.0,0.0,2.67366,0.15166,0,1
360,ROU,Romania,Europe,2026-08,12,2027-08,0.0211787,0.00480393,0.00187271,0.00331126,0.00331126,0.00331126,0.0,0.0,0.0,0.0,0.0,0.0487904,0,0
365,RUS,Russia (Soviet Union),Europe,2026-08,12,2027-08,0.946853,0.748177,0.357516,0.764901,0.449227,0.140177,0.0,24.0,55.5771,192.254,847.041,4.01937,54,547
369,UKR,Ukraine,Europe,2026-08,12,2027-08,0.975072,0.975072,0.959851,0.364833,0.273923,0.166268,411.633,767.544,1173.33,2134.81,5864.08,7.05642,5648,85085
371,ARM,Armenia,Europe,2026-08,12,2027-08,0.0352471,0.00430032,0.0013649,0.106459,0.00837321,0.00358852,0.0,0.0,0.0,0.0,0.0,0.0641825,0,0
372,GEO,Georgia,Europe,2026-08,12,2027-08,0.0348401,0.00431128,0.00137486,0.0873206,0.0538278,0.0179426,0.0,0.0,0.0,0.0,0.0,0.0637315,0,0
373,AZE,Azerbaijan,Europe,2026-08,12,2027-08,0.0340734,0.00433234,0.00139413,0.438995,0.0801435,0.0490431,0.0,0.0,0.0,0.0,0.0,0.0628817,0,0
380,SWE,Sweden,Europe,2026-08,12,2027-08,0.172455,0.00869588,0.00175332,0.00772627,0.00110375,0.00110375,0.0,0.0,0.0,0.0,5.06498,0.256491,0,3
404,GNB,Guinea-Bissau,Africa,2026-08,12,2027-08,0.0240195,0.00607161,0.00272153,0.0165563,0.0143488,0.00772627,0.0,0.0,0.0,0.0,0.0,0.0591232,0,0
420,GMB,Gambia,Africa,2026-08,12,2027-08,0.0403759,0.00542161,0.0019692,0.00993377,0.00110375,0.00110375,0.0,0.0,0.0,0.0,0.0,0.0775531,0,0
432,MLI,Mali,Africa,2026-08,12,2027-08,0.943565,0.813886,0.49193,0.484547,0.343267,0.190949,0.0,35.4676,99.0,238.297,814.558,4.40074,96,1939
433,SEN,Senegal,Africa,2026-08,12,2027-08,0.0258886,0.0059739,0.00259825,0.272627,0.0518764,0.0121413,0.0,0.0,0.0,0.0,0.0,0.0611442,0,0
434,BEN,Benin,Africa,2026-08,12,2027-08,0.442273,0.0793245,0.0210282,0.0916115,0.00772627,0.00110375,0.0,0.0,0.0,4.74725,43.4473,0.952697,0,45
435,MRT,Mauritania,Africa,2026-08,12,2027-08,0.0419421,0.00537635,0.00192259,0.0452539,0.00331126,0.00331126,0.0,0.0,0.0,0.0,0.0,0.0793641,0,0
436,NER,Niger,Africa,2026-08,12,2027-08,0.934201,0.733214,0.367247,0.391832,0.208609,0.0739514,0.0,24.0,59.4452,152.544,672.786,3.94108,42,1255
437,CIV,Ivory Coast,Africa,2026-08,12,2027-08,0.272904,0.0260605,0.00652088,0.157837,0.0584989,0.0275938,0.0,0.0,0.0,1.0,11.3327,0.482772,7,7
438,GIN,Guinea,Africa,2026-08,12,2027-08,0.0306488,0.00575881,0.00233977,0.0651214,0.0231788,0.00772627,0.0,0.0,0.0,0.0,0.0,0.0664503,0,0
439,BFA,Burkina Faso,Africa,2026-08,12,2027-08,0.950406,0.860253,0.589047,0.259382,0.213024,0.155629,2.23008,50.016,160.708,332.301,1358.67,4.74385,171,2740
450,LBR,Liberia,Africa,2026-08,12,2027-08,0.0437475,0.00532658,0.00187216,0.250552,0.131347,0.0783664,0.0,0.0,0.0,0.0,0.0,0.0814506,0,0
451,SLE,Sierra Leone,Africa,2026-08,12,2027-08,0.0306488,0.00575881,0.00233977,0.266004,0.197572,0.126932,0.0,0.0,0.0,0.0,0.0,0.0664503,0,0
452,GHA,Ghana,Africa,2026-08,12,2027-08,0.807958,0.166373,0.0339259,0.093819,0.0209713,0.00551876,0.0,1.20819,4.87661,14.2226,66.8894,1.84656,3,77
461,TGO,Togo,Africa,2026-08,12,2027-08,0.189068,0.0262703,0.00871413,0.080574,0.0187638,0.00331126,0.0,0.0,0.0,0.0,11.1168,0.380163,0,2
471,CMR,Cameroon,Africa,2026-08,12,2027-08,0.923887,0.584356,0.213422,0.36755,0.288079,0.0452539,0.0,8.86538,33.5765,84.3767,325.106,3.32643,32,470
475,NGA,Nigeria,Africa,2026-08,12,2027-08,0.963601,0.944932,0.815911,0.769316,0.586093,0.462472,24.0,194.561,358.461,669.19,2115.97,5.69231,1015,7777
482,CAF,Central African Republic,Africa,2026-08,12,2027-08,0.907077,0.424387,0.118549,0.530905,0.292494,0.089404,0.0,4.4481,16.7541,49.3578,142.626,2.79,11,287
483,TCD,Chad,Africa,2026-08,12,2027-08,0.88373,0.400446,0.110661,0.413907,0.182119,0.0717439,0.0,3.55835,14.1765,46.7751,149.904,2.68218,16,237
484,COG,Congo,Africa,2026-08,12,2027-08,0.0334377,0.00565044,0.00221614,0.137969,0.0430464,0.0209713,0.0,0.0,0.0,0.0,0.0,0.069609,0,0
490,COD,DR Congo (Zaire),Africa,2026-08,12,2027-08,0.953609,0.890582,0.66198,0.873068,0.722958,0.528698,3.45782,65.8738,195.546,414.776,1498.92,5.00104,172,3918
500,UGA,Uganda,Africa,2026-08,12,2027-08,0.353886,0.0287717,0.00655799,0.45585,0.288079,0.126932,0.0,0.0,0.0,1.90013,11.3293,0.609682,2,12
501,KEN,Kenya,Africa,2026-08,12,2027-08,0.688577,0.143338,0.0330057,0.643488,0.173289,0.0253863,0.0,0.0,3.20597,12.7063,64.5113,1.59597,0,69
510,TZA,Tanzania,Africa,2026-08,12,2027-08,0.168301,0.060833,0.0266377,0.0739514,0.00772627,0.00331126,0.0,0.0,0.0,0.0,38.7236,0.491346,0,1007
516,BDI,Burundi,Africa,2026-08,12,2027-08,0.882385,0.182323,0.032983,0.720751,0.343267,0.173289,0.0,1.96968,5.96884,17.549,65.3663,2.03806,4,38
517,RWA,Rwanda,Africa,2026-08,12,2027-08,0.0666112,0.00973458,0.00355017,0.217439,0.115894,0.0739514,0.0,0.0,0.0,0.0,1.62437,0.132101,0,0
520,SOM,Somalia,Africa,2026-08,12,2027-08,0.949246,0.870616,0.61393,0.881898,0.771523,0.471302,0.0,54.4032,168.986,349.363,1428.27,4.83469,147,3762
522,DJI,Djibouti,Africa,2026-08,12,2027-08,0.13211,0.0175819,0.00533887,0.0695364,0.0143488,0.00331126,0.0,0.0,0.0,0.0,6.78844,0.253878,0,14
530,ETH,Ethiopia,Africa,2026-08,12,2027-08,0.954551,0.902074,0.693559,0.69426,0.480132,0.277042,3.65025,76.4656,234.762,454.769,1643.19,5.14982,311,5315
531,ERI,Eritrea,Africa,2026-08,12,2027-08,0.0334377,0.00565044,0.00221614,0.0511222,0.0187032,0.0137157,0.0,0.0,0.0,0.0,0.0,0.069609,0,0
540,AGO,Angola,Africa,2026-08,12,2027-08,0.0893596,0.0145337,0.00540057,0.47351,0.204194,0.133554,0.0,0.0,0.0,0.0,3.98349,0.184181,0,0
541,MOZ,Mozambique,Africa,2026-08,12,2027-08,0.921652,0.55285,0.192693,0.396247,0.241722,0.0739514,0.0,7.49342,29.272,72.0359,257.224,3.21467,22,438
551,ZMB,Zambia,Africa,2026-08,12,2027-08,0.207991,0.00810801,0.00173406,0.0430464,0.00110375,0.00110375,0.0,0.0,0.0,0.0,5.74887,0.301181,1,1
552,ZWE,Zimbabwe (Rhodesia),Africa,2026-08,12,2027-08,0.0294471,0.00580917,0.00239872,0.0540839,0.00331126,0.00331126,0.0,0.0,0.0,0.0,0.0,0.0650976,0,0
560,ZAF,South Africa,Africa,2026-08,12,2027-08,0.864279,0.364856,0.100487,0.312362,0.135762,0.0231788,0.0,3.02703,12.6574,41.1319,167.621,2.58002,40,147
565,NAM,Namibia,Africa,2026-08,12,2027-08,0.0240195,0.00607161,0.00272153,0.0148064,0.00341686,0.00113895,0.0,0.0,0.0,0.0,0.0,0.0591232,0,0
570,LSO,Lesotho,Africa,2026-08,12,2027-08,0.0240195,0.00607161,0.00272153,0.00331126,0.00331126,0.00110375,0.0,0.0,0.0,0.0,0.0,0.0591232,0,0
571,BWA,Botswana,Africa,2026-08,12,2027-08,0.0240195,0.00607161,0.00272153,0.00331126,0.00110375,0.00110375,0.0,0.0,0.0,0.0,0.0,0.0591232,0,0
572,SWZ,Kingdom of eSwatini (Swaziland),Africa,2026-08,12,2027-08,0.054264,0.00651053,0.00225705,0.0253863,0.00331126,0.00110375,0.0,0.0,0.0,0.0,1.0,0.100733,0,0
580,MDG,Madagascar (Malagasy),Africa,2026-08,12,2027-08,0.0292886,0.005816,0.00240678,0.0320088,0.00772627,0.00110375,0.0,0.0,0.0,0.0,0.0,0.0649197,0,0
581,COM,Comoros,Africa,2026-08,12,2027-08,0.0240195,0.00607161,0.00272153,0.00772627,0.00772627,0.00110375,0.0,0.0,0.0,0.0,0.0,0.0591232,0,0
600,MAR,Morocco,Africa,2026-08,12,2027-08,0.162634,0.015386,0.00426682,0.0430464,0.00772627,0.00331126,0.0,0.0,0.0,0.0,7.11323,0.283708,0,3
615,DZA,Algeria,Africa,2026-08,12,2027-08,0.178044,0.0241278,0.00675046,0.747241,0.407285,0.131347,0.0,0.0,0.0,0.0,9.0502,0.344556,0,18
616,TUN,Tunisia,Africa,2026-08,12,2027-08,0.0907454,0.00964337,0.00308687,0.162252,0.00772627,0.00110375,0.0,0.0,0.0,0.0,3.58629,0.164295,0,5
620,LBY,Libya,Africa,2026-08,12,2027-08,0.585884,0.0787804,0.0170621,0.248344,0.173289,0.109272,0.0,0.0,1.44146,7.14402,39.0883,1.18303,6,31
625,SDN,Sudan,Africa,2026-08,12,2027-08,0.953814,0.949097,0.84613,0.954746,0.784768,0.530905,24.0,251.046,436.936,862.422,2370.01,5.83639,272,67494
626,SSD,South Sudan,Africa,2026-08,12,2027-08,0.936872,0.705704,0.330051,0.860656,0.653005,0.281421,0.0,21.4136,52.4325,124.566,496.596,3.83043,109,799
630,IRN,Iran,Middle East,2026-08,12,2027-08,0.920732,0.805127,0.523789,0.451435,0.089404,0.0231788,0.0,36.8978,100.0,257.638,1161.36,4.3828,15,23650
640,TUR,Turkey,Middle East,2026-08,12,2027-08,0.394534,0.0368692,0.00919769,0.879691,0.488962,0.206402,0.0,0.0,0.0,3.213,17.9418,0.7355,0,16
645,IRQ,Iraq,Middle East,2026-08,12,2027-08,0.895097,0.379644,0.10114,0.895143,0.696468,0.431567,0.0,3.51151,14.0205,43.6892,100.465,2.62439,2,238
651,EGY,Egypt,Middle East,2026-08,12,2027-08,0.0746526,0.00906237,0.00331758,0.449227,0.153422,0.0298013,0.0,0.0,0.0,0.0,2.31488,0.141078,0,0
652,SYR,Syria,Middle East,2026-08,12,2027-08,0.951199,0.792126,0.465253,0.42053,0.407285,0.363135,1.96123,32.8946,86.7287,171.264,586.099,4.19657,65,674
660,LBN,Lebanon,Middle East,2026-08,12,2027-08,0.935651,0.834751,0.54334,0.511038,0.149007,0.0496689,0.0,40.8333,103.74,251.289,1132.83,4.48336,25,4531
663,JOR,Jordan,Middle East,2026-08,12,2027-08,0.170918,0.012264,0.00330862,0.0209713,0.00331126,0.00110375,0.0,0.0,0.0,0.0,6.8003,0.281523,0,3
666,ISR,Israel,Middle East,2026-08,12,2027-08,0.954838,0.888166,0.673476,0.771523,0.261589,0.0960265,3.51493,66.9313,177.306,343.698,1242.5,4.90405,102,4023
670,SAU,Saudi Arabia,Middle East,2026-08,12,2027-08,0.160482,0.0181836,0.00548817,0.126932,0.0187638,0.00110375,0.0,0.0,0.0,0.0,7.76101,0.298124,0,5
678,YEM,Yemen (North Yemen),Middle East,2026-08,12,2027-08,0.965078,0.922999,0.753597,0.504415,0.451435,0.296909,9.74499,107.819,239.523,488.662,1545.73,5.28946,1380,2492
690,KWT,Kuwait,Middle East,2026-08,12,2027-08,0.315344,0.030315,0.00757231,0.0253863,0.0143488,0.00772627,0.0,0.0,0.0,1.36615,12.2294,0.573498,0,15
692,BHR,Bahrain,Middle East,2026-08,12,2027-08,0.108566,0.0113635,0.00354303,0.0342163,0.00110375,0.00110375,0.0,0.0,0.0,0.0,4.77065,0.194797,0,3
694,QAT,Qatar,Middle East,2026-08,12,2027-08,0.0837015,0.0119258,0.00445332,0.00331126,0.00110375,0.00110375,0.0,0.0,0.0,0.0,3.47877,0.167626,0,6
696,ARE,United Arab Emirates,Middle East,2026-08,12,2027-08,0.185248,0.0221872,0.0065531,0.0121413,0.00110375,0.00110375,0.0,0.0,0.0,0.0,9.27981,0.353298,0,12
698,OMN,Oman,Middle East,2026-08,12,2027-08,0.265808,0.0218765,0.00558252,0.00772627,0.00110375,0.00110375,0.0,0.0,0.0,1.0,9.97626,0.466011,0,7
700,AFG,Afghanistan,Asia,2026-08,12,2027-08,0.926189,0.658213,0.275322,0.985651,0.886313,0.711921,0.0,13.6108,44.6866,100.0,486.761,3.6124,56,935
702,TJK,Tajikistan,Asia,2026-08,12,2027-08,0.207361,0.00805195,0.0017149,0.214115,0.09689,0.0322967,0.0,0.0,0.0,0.0,5.73201,0.299802,1,1
703,KGZ,Kyrgyzstan,Asia,2026-08,12,2027-08,0.0344065,0.00558451,0.00215639,0.027512,0.0131579,0.00358852,0.0,0.0,0.0,0.0,0.0,0.070539,0,0
704,UZB,Uzbekistan,Asia,2026-08,12,2027-08,0.0239561,0.00604181,0.00270024,0.0203349,0.00598086,0.00358852,0.0,0.0,0.0,0.0,0.0,0.0588855,0,0
710,CHN,China,Asia,2026-08,12,2027-08,0.039337,0.00542291,0.00198282,0.0386313,0.00993377,0.00551876,0.0,0.0,0.0,0.0,0.0,0.0761795,0,0
750,IND,India,Asia,2026-08,12,2027-08,0.91337,0.477974,0.144849,0.998896,0.939294,0.453642,0.0,5.22965,22.7842,56.8332,207.131,2.95721,16,364
760,BTN,Bhutan,Asia,2026-08,12,2027-08,0.0239561,0.00604181,0.00270024,0.00331126,0.00110375,0.00110375,0.0,0.0,0.0,0.0,0.0,0.0588855,0,0
770,PAK,Pakistan,Asia,2026-08,12,2027-08,0.958474,0.915636,0.725125,0.855408,0.541943,0.307947,5.18403,95.1703,281.827,574.784,1817.77,5.31817,551,4692
771,BGD,Bangladesh,Asia,2026-08,12,2027-08,0.773418,0.173214,0.0374456,0.519868,0.0253863,0.00551876,0.0,1.0,5.0214,14.5977,73.2637,1.82134,5,80
775,MMR,Myanmar (Burma),Asia,2026-08,12,2027-08,0.943861,0.809245,0.481491,0.934879,0.513245,0.248344,0.0,35.2401,93.354,246.388,842.13,4.38854,122,1922
780,LKA,Sri Lanka,Asia,2026-08,12,2027-08,0.406104,0.108152,0.0307524,0.50883,0.405077,0.296909,0.0,0.0,0.0,4.80412,61.2908,0.983309,3,135
790,NPL,Nepal,Asia,2026-08,12,2027-08,0.198565,0.012765,0.00305149,0.316777,0.155629,0.0916115,0.0,0.0,0.0,0.0,6.71055,0.320665,0,4
800,THA,Thailand,Asia,2026-08,12,2027-08,0.817491,0.184399,0.0385009,0.636865,0.126932,0.00331126,0.0,1.65657,5.88172,14.7969,72.5544,1.92886,4,76
811,KHM,Cambodia (Kampuchea),Asia,2026-08,12,2027-08,0.0976389,0.0284579,0.0120432,0.235099,0.104857,0.0452539,0.0,0.0,0.0,0.0,6.98109,0.253787,0,128
812,LAO,Laos,Asia,2026-08,12,2027-08,0.0239561,0.00604181,0.00270024,0.0408389,0.00993377,0.00331126,0.0,0.0,0.0,0.0,0.0,0.0588855,0,0
820,MYS,Malaysia,Asia,2026-08,12,2027-08,0.0253302,0.00596932,0.00260869,0.00551876,0.00331126,0.00110375,0.0,0.0,0.0,0.0,0.0,0.0603671,0,0
840,PHL,Philippines,Asia,2026-08,12,2027-08,0.900875,0.355895,0.0862965,0.963576,0.566225,0.0960265,0.0,3.45118,12.1731,36.9995,100.0,2.56972,10,171
850,IDN,Indonesia,Asia,2026-08,12,2027-08,0.875735,0.324445,0.0791514,0.592715,0.168874,0.0562914,0.0,2.79639,10.3357,34.7591,102.828,2.44883,14,156
900,AUS,Australia,Asia,2026-08,12,2027-08,0.0264555,0.00591336,0.00253941,0.00331126,0.00110375,0.00110375,0.0,0.0,0.0,0.0,0.0,0.0615962,0,0
910,PNG,Papua New Guinea,Asia,2026-08,12,2027-08,0.741053,0.0921344,0.0174074,0.206402,0.0320088,0.00110375,0.0,0.0,3.10676,9.69937,42.3004,1.4839,1,34
940,SLB,Solomon Islands,Asia,2026-08,12,2027-08,0.0239561,0.00604181,0.00270024,0.00331126,0.00110375,0.00110375,0.0,0.0,0.0,0.0,0.0,0.0588855,0,0
